Date,Buy & Hold,Base RF,Sent RF,Base LSTM,Sent LSTM
2023-05-30,1.0000166449291823,1.0000166449291823,1.0000166449291823,,
2023-05-31,0.9938891707065335,0.9938891707065335,0.9938891707065335,,
2023-06-01,1.0036354756638528,1.0036354756638528,1.0036354756638528,,
2023-06-02,1.0181177244651114,1.0181177244651114,1.0181177244651114,,
2023-06-05,1.0160758147757232,1.0160758147757232,1.0160758147757232,,
2023-06-06,1.0184647274678291,1.0184647274678291,1.0184647274678291,,
2023-06-07,1.0145749298760118,1.0145749298760118,1.0145749298760118,,
2023-06-08,1.0208343856667028,1.0208343856667028,1.0208343856667028,,
2023-06-09,1.0220057663413264,1.0220057663413264,1.0220057663413264,,
2023-06-12,1.0314878363652096,1.0314878363652096,1.0314878363652096,1.0,1.0
2023-06-13,1.038614040157925,1.038614040157925,1.038614040157925,1.0,1.0069086648833658
2023-06-14,1.0394647399089176,1.038614040157925,1.0394647399089176,1.0,1.007733395647027
2023-06-15,1.052047024076489,1.0511860269622502,1.052047024076489,1.0,1.007733395647027
2023-06-16,1.0481771991970306,1.0473193691542035,1.0481771991970306,1.0,1.007733395647027
2023-06-20,1.0432021515158525,1.0423483930607005,1.0432021515158525,1.0,1.007733395647027
2023-06-20,1.0432021515158525,1.0423483930607005,1.0432021515158525,1.0,1.007733395647027
2023-06-21,1.0377158660189127,1.0368665975493532,1.0377158660189127,1.0,1.007733395647027
2023-06-22,1.0415594470432308,1.0407070329802761,1.0415594470432308,1.0,1.0114659250261335
2023-06-23,1.033551651770592,1.0327057913012159,1.033551651770592,1.0,1.0114659250261335
2023-06-27,1.0406767309661376,1.0398250393195556,1.0406767309661376,1.0068937814412462,1.0114659250261335
2023-06-27,1.0406767309661376,1.0398250393195556,1.0406767309661376,1.0068937814412462,1.0114659250261335
2023-06-28,1.0403082559905286,1.0394568659045076,1.0403082559905286,1.0065372680778573,1.0114659250261335
2023-06-29,1.044951724120145,1.0440965338117307,1.044951724120145,1.0110299977074424,1.0114659250261335
2023-06-30,1.057694245039878,1.0568286262301811,1.057694245039878,1.0110299977074424,1.02380010794745
2023-07-03,1.0589317492410555,1.058065117655768,1.0589317492410555,1.0110299977074424,1.02380010794745
2023-07-05,1.0568453851115545,1.0559804610102992,1.0568453851115545,1.0110299977074424,1.02380010794745
2023-07-06,1.048439167919607,1.0475811234811219,1.048439167919607,1.0110299977074424,1.02380010794745
2023-07-06,1.048439167919607,1.0475811234811219,1.048439167919607,1.0110299977074424,1.02380010794745
2023-07-10,1.0479494829986045,1.0470918393191104,1.0479494829986045,1.010557785146421,1.0233219309674946
2023-07-11,1.0549912718442227,1.0541278651524901,1.0549912718442227,1.010557785146421,1.0301982328082513
2023-07-12,1.0627811348607241,1.0619113529315507,1.0627811348607241,1.010557785146421,1.0301982328082513
2023-07-13,1.0717451721912548,1.0708680540783395,1.0717451721912548,1.0190813441498445,1.0301982328082513
2023-07-14,1.0706467339243322,1.069770514775205,1.0706467339243322,1.0190813441498445,1.0301982328082513
2023-07-18,1.082359634314597,1.069770514775205,1.082359634314597,1.0190813441498445,1.0301982328082513
2023-07-19,1.0849086816125937,1.0722899136457027,1.0849086816125937,1.0214813657918094,1.0301982328082513
2023-07-20,1.0775532110262522,1.0650199958604305,1.0775532110262522,1.0145559201133678,1.0301982328082513
2023-07-21,1.0779024485004312,1.0653651712907466,1.0779024485004312,1.0145559201133678,1.0301982328082513
2023-07-24,1.082242055770725,1.0653651712907466,1.082242055770725,1.0145559201133678,1.0301982328082513
2023-07-25,1.0852839764445479,1.0683596551240442,1.0852839764445479,1.0174075914300442,1.0330938708827515
2023-07-26,1.0851152587065438,1.0681935684330954,1.0851152587065438,1.017249425723022,1.0330938708827515
2023-07-27,1.0781212269870197,1.0613086042412565,1.0781212269870197,1.010692818309119,1.0330938708827515
2023-07-28,1.0887185274177762,1.0613086042412565,1.0887185274177762,1.010692818309119,1.0432485787661254
2023-07-31,1.0903163739359951,1.062866222868419,1.0903163739359951,1.010692818309119,1.044779691783162
2023-08-01,1.087406701632664,1.060029805398449,1.087406701632664,1.007995633371876,1.041991540926278
2023-08-02,1.0722523460832027,1.0452569807138894,1.0722523460832027,0.9939479691469942,1.0274701017379604
2023-08-03,1.0695167885257697,1.0425902944217154,1.0695167885257697,0.9914121837149291,1.0248487937854873
2023-08-04,1.0638332789561507,1.0370498746928154,1.0638332789561507,0.9914121837149291,1.019402654005932
2023-08-07,1.0733903145320511,1.0463662993079086,1.0733903145320511,1.0003186183015984,1.0285605433324077
2023-08-08,1.0688528875574346,1.0419431080348633,1.0688528875574346,0.9960900794183577,1.0285605433324077
2023-08-09,1.0613028993903557,1.034583200766044,1.0613028993903557,0.9890540612717079,1.0212951656347995
2023-08-10,1.0615689216436082,1.0348425255586202,1.0615689216436082,0.9893019738988375,1.0215511596977143
2023-08-14,1.0665197708251797,1.039668730589929,1.0665197708251797,0.9939157910217247,1.0215511596977143
2023-08-15,1.0541288793511978,1.027589796132235,1.0541288793511978,0.9823684169948012,1.0096827162790412
2023-08-16,1.0461342285369266,1.019796421184153,1.0461342285369266,0.9749180068801712,1.0020251509585427
2023-08-17,1.038034259812757,1.0119003798432973,1.038034259812757,0.9673694484361909,0.9942667083398105
2023-08-18,1.0378798623605348,1.011749869550334,1.038034259812757,0.9672255616841071,0.9942667083398105
2023-08-21,1.044995173839908,1.0186860436896923,1.0451506297826203,0.9738564940220191,0.9942667083398105
2023-08-22,1.0420887474764402,1.0158527904387735,1.0451506297826203,0.9738564940220191,0.9942667083398105
2023-08-23,1.0535354035783524,1.0270112618938003,1.0566309186378544,0.9738564940220191,1.005188070950727
2023-08-24,1.039260609691792,1.0270112618938003,1.0423141823169941,0.9738564940220191,1.005188070950727
2023-08-25,1.0462190033348415,1.033887639743069,1.049293021226751,0.9803769728836734,1.011918331116218
2023-08-28,1.0527527001337138,1.0403443264794512,1.049293021226751,0.9803769728836734,1.011918331116218
2023-08-29,1.067916663707046,1.0553295584987599,1.064407151211517,0.9944984286662647,1.0264941120287578
2023-08-30,1.0720023015963362,1.0593670406136313,1.0684793624002864,0.9983031829126251,1.0304212754299542
2023-08-31,1.070289004275135,1.0576739372404862,1.0667716955168915,0.9967076731208235,1.0287744338063178
2023-09-01,1.072212894893645,1.0595751517322465,1.0686892636213,0.9984992981249623,1.0287744338063178
2023-09-06,1.0602051788089002,1.0477089657788374,1.0567210086959082,0.987317100876821,1.0172531852042708
2023-09-07,1.0567950625604763,1.0443390432023079,1.0533220991698737,0.9841414268135898,1.013981222677618
2023-09-08,1.0583016129018323,1.0458278364393012,1.054823698509501,0.9841414268135898,1.0154267382853956
2023-09-12,1.0593481217983385,1.046862010555361,1.055866768246217,0.9841414268135898,1.0154267382853956
2023-09-12,1.0593481217983385,1.046862010555361,1.055866768246217,0.9841414268135898,1.0154267382853956
2023-09-14,1.0695553690213937,1.0569489490511064,1.0660404712210254,0.9936240271403678,1.0154267382853956
2023-09-14,1.0695553690213937,1.0569489490511064,1.0660404712210254,0.9936240271403678,1.0154267382853956
2023-09-15,1.0564703380806264,1.0440181461196048,1.052998441837544,0.9936240271403678,1.0154267382853956
2023-09-19,1.0549570678056746,1.0425227121541765,1.0514901446481515,0.9922007768601173,1.0154267382853956
2023-09-20,1.0449991121740605,1.0326821269499136,1.041564914013634,0.9828351907001258,1.0058419175229425
2023-09-21,1.0277180935766421,1.015604792784609,1.024340686318319,0.9665821690364509,0.9892084365177628
2023-09-22,1.0253561394753654,1.0132706780885783,1.021986494346536,0.9643607206328022,0.9869349872730195
2023-09-25,1.02947296619065,1.017338981419267,1.0260897918649365,0.9643607206328022,0.9908975522447704
2023-09-26,1.0141913369688547,1.0022374706292798,1.0108583829183073,0.9643607206328022,0.9761885414329362
2023-09-27,1.0144238832635804,1.00246727599414,1.011090164992233,0.9643607206328022,0.9764123739781267
2023-09-28,1.0203844116709613,1.0083575500448745,1.0170311052148457,0.9700270890662833,0.9764123739781267
2023-09-29,1.0176159366482314,1.0056217059263732,1.014271728278152,0.9673952419538273,0.9764123739781267
2023-10-02,1.0176966203395161,1.0057014386313636,1.014352146817265,0.9674719437980509,0.9764123739781267
2023-10-03,1.0036122993906818,0.9917831239221498,1.000314111409279,0.9540827027481017,0.9628994026478953
2023-10-04,1.011718570058647,0.9997938492304329,1.0083937423035914,0.9617889182187526,0.9706768314305287
2023-10-05,1.010398411492011,0.9984892508431016,1.0070779221962594,0.9617889182187526,0.9706768314305287
2023-10-06,1.0222661757023705,1.0102171344787125,1.018906685173465,0.9730857333876343,0.9706768314305287
2023-10-10,1.0340002482292805,1.0218129022011022,1.018906685173465,0.9842552886775044,0.9706768314305287
2023-10-11,1.0384297281214765,1.0261901735911596,1.023271506827743,0.9884716696865522,0.9748350446553371
2023-10-12,1.0319229805241208,1.0197601184168694,1.0168597398702053,0.9822779567297572,0.9748350446553371
2023-10-13,1.0267308833177982,1.0146292183769632,1.0168597398702053,0.9773356473411451,0.9699301841109875
2023-10-16,1.0375512093784944,1.0253220095960913,1.0275760377065342,0.9876354158070555,0.9801519092180365
2023-10-17,1.0374491959586858,1.0252211985675286,1.0275760377065342,0.9876354158070555,0.9800555393740351
2023-10-18,1.0234536056176051,1.0113905686339986,1.013713640083524,0.9876354158070555,0.9668342116270792
2023-10-19,1.0147347944298335,1.0113905686339986,1.013713640083524,0.9792217401255069,0.9585977416055899
2023-10-20,1.001882989329213,0.9985811187757294,1.013713640083524,0.9668197144696754,0.9585977416055899
2023-10-23,1.0001928484545173,0.996896548038909,1.0120035413229007,0.9668197144696754,0.9585977416055899
2023-10-24,1.0074337359790044,1.0041135720248864,1.0193299322568339,0.9738189974776964,0.9655375017117722
2023-10-25,0.9928829696327367,0.9896107601278319,1.0193299322568339,0.9738189974776964,0.9515918593491862
2023-10-26,0.9810646123366006,0.9778313521764419,1.0071967748651691,0.9738189974776964,0.940264993104272
2023-10-27,0.9763438552325769,0.9731261531056796,1.002350273146215,0.9738189974776964,0.940264993104272
2023-10-30,0.9879999802329457,0.9847438634245772,1.002350273146215,0.9738189974776964,0.9514903889874504
2023-10-31,0.9943766202423437,0.9910994881656242,1.002350273146215,0.9801041121593426,0.957631392838022
2023-11-01,1.0047690299642031,1.0014576479880384,1.0128260169552503,0.9903473573204734,0.9676397715491607
2023-11-02,1.023541085973977,1.0014576479880384,1.031748601301941,1.008849973848586,0.9857181432416608
2023-11-06,1.034903718521405,1.0125751257540347,1.0432023479063197,1.008849973848586,0.9966608921068223
2023-11-07,1.0378388251984958,1.01544690595877,1.0461609904564415,1.008849973848586,0.999487537703765
2023-11-08,1.0388812650614354,1.0164668546326574,1.047211789379189,1.0098632963442675,1.0004914562569318
2023-11-09,1.0304489128971415,1.0082164349072733,1.0387118203301529,1.0098632963442675,0.9923707050409333
2023-11-10,1.0464164696400988,1.0238394832040607,1.0548074168445605,1.0098632963442675,1.007748212207435
2023-11-13,1.0455415701584285,1.0229834601394803,1.0539255017667362,1.0090189586449256,1.0069056429110843
2023-11-14,1.0652973737610816,1.0423130218748549,1.073839722127746,1.0090189586449256,1.0259314097438084
2023-11-15,1.0669973834885753,1.0439763529971544,1.0755533638003443,1.0090189586449256,1.0259314097438084
2023-11-17,1.0696338454432759,1.0465559318966688,1.0782109668720956,1.0115121607250857,1.0259314097438084
2023-11-17,1.0696338454432759,1.0465559318966688,1.0782109668720956,1.0115121607250857,1.0259314097438084
2023-11-20,1.077509702661542,1.0465559318966688,1.0861499785838407,1.0189600601968054,1.0259314097438084
2023-11-21,1.0753299126110447,1.044438760977463,1.083952709352003,1.0168987154167215,1.023855962001734
2023-11-22,1.0796880811526535,1.044438760977463,1.0883458249373574,1.0210200701187129,1.0280055134950983
2023-11-24,1.0803323910592102,1.044438760977463,1.088995301400984,1.0210200701187129,1.0286189815400846
2023-11-27,1.0782191072608824,1.044438760977463,1.0868650717180164,1.0190228096553533,1.026606856525292
2023-11-28,1.0792753815275693,1.044438760977463,1.087929815979072,1.0200210924382844,1.0276125689980626
2023-11-29,1.0782536490432955,1.044438760977463,1.0868998904821865,1.0190554550276416,1.02663974485979
2023-11-30,1.082326203578135,1.044438760977463,1.0910051017947817,1.0229044185051201,1.0305173541331598
2023-12-01,1.0886648921230588,1.044438760977463,1.0973946186690269,1.028895100887839,1.0365526219908485
2023-12-04,1.0827608810903642,1.0387745956200594,1.0914432648752928,1.0233152313879776,1.0309312244786462
2023-12-05,1.0821446633621878,1.0381834112389283,1.0908221058540715,1.0233152313879776,1.030344503894121
2023-12-06,1.0779093881832247,1.0341201906902355,1.0865528690819435,1.0233152313879776,1.0263119630972504
2023-12-07,1.0864643350580874,1.042327599764285,1.0951764158973143,1.0233152313879776,1.0344574013108756
2023-12-08,1.090904795868532,1.042327599764285,1.0996524836322532,1.0233152313879776,1.0386853059022858
2023-12-12,1.1001836063204116,1.051193231544073,1.109005698502336,1.0233152313879776,1.047519957751943
2023-12-12,1.1001836063204116,1.051193231544073,1.109005698502336,1.0233152313879776,1.047519957751943
2023-12-13,1.1151003582043253,1.051193231544073,1.1240420640211182,1.0233152313879776,1.0617226737472245
2023-12-14,1.118048207820903,1.0539721379821863,1.1270135516931137,1.0233152313879776,1.0617226737472245
2023-12-15,1.1179629215740077,1.0538917395455607,1.1269275815575222,1.0233152313879776,1.0616416840891272
2023-12-18,1.1230139870408093,1.0586533251658345,1.1320191502320696,1.0233152313879776,1.0664382847143696
2023-12-19,1.1295827824833753,1.0586533251658345,1.138640619172573,1.0293008633621281,1.0726761544339345
2023-12-20,1.1128727015250433,1.0429925138958214,1.1217965443301885,1.0140742672914542,1.0568079014288236
2023-12-21,1.1242783002426402,1.0429925138958214,1.1332936016395139,1.0244673015951242,1.0568079014288236
2023-12-22,1.1261431483041084,1.0429925138958214,1.1351734034427112,1.026166592474442,1.058560835880995
2023-12-27,1.1325082846936214,1.048887669954965,1.1415895802400764,1.0319666458062924,1.0645439865196382
2023-12-28,1.1329274283124018,1.0492758654142131,1.1420120848648025,1.0319666458062924,1.0649379764134794
2023-12-29,1.1297207078157687,1.0492758654142131,1.138779650493085,1.029045692078587,1.061923698224721
2024-01-04,1.110335184101041,1.0312707407568045,1.1192386792001314,1.029045692078587,1.0437015421707985
2024-01-05,1.1123604457293153,1.0331517881103636,1.1212801808856785,1.029045692078587,1.0456052634209185
2024-01-10,1.1325908798601998,1.051941659034683,1.141672837716263,1.029045692078587,1.0646216249696916
2024-01-10,1.1325908798601998,1.051941659034683,1.141672837716263,1.029045692078587,1.0646216249696916
2024-01-10,1.1325908798601998,1.051941659034683,1.141672837716263,1.029045692078587,1.0646216249696916
2024-01-11,1.1318305840202305,1.0512355021324191,1.1409064452575592,1.0283549049879104,1.063906956145318
2024-01-12,1.1326802791787705,1.0520246924310894,1.141762953905204,1.0291269182170681,1.0647056592397004
2024-01-17,1.1220659031160687,1.0421661419486814,1.131063463863762,1.0194829433664374,1.0647056592397004
2024-01-17,1.1220659031160687,1.0421661419486814,1.131063463863762,1.0194829433664374,1.0647056592397004
2024-01-19,1.1456349070717424,1.0421661419486814,1.154821461660408,1.0408971913693554,1.087069810778893
2024-01-19,1.1456349070717424,1.0421661419486814,1.154821461660408,1.0408971913693554,1.087069810778893
2024-01-22,1.1481460208489516,1.044450462844487,1.157352711419552,1.0408971913693554,1.087069810778893
2024-01-23,1.1514953137801227,1.0474972621963472,1.1607288614778548,1.0408971913693554,1.087069810778893
2024-01-24,1.152429935508779,1.0483474729529527,1.1616709777001557,1.0417420451179629,1.087069810778893
2024-01-26,1.1577247706246911,1.0531641015760356,1.1670082707505547,1.0417420451179629,1.087069810778893
2024-01-26,1.1577247706246911,1.0531641015760356,1.1670082707505547,1.0417420451179629,1.087069810778893
2024-01-29,1.1664405554108506,1.0610927145648488,1.175793945195476,1.0417420451179629,1.087069810778893
2024-01-30,1.1657397131922376,1.0604551693690991,1.1750874831015785,1.0417420451179629,1.087069810778893
2024-01-31,1.1468118446479356,1.0432367836387386,1.1560078367993225,1.0417420451179629,1.087069810778893
2024-02-01,1.1610509792140935,1.0561899014635359,1.1703611513596304,1.054676603853893,1.1005671716500134
2024-02-02,1.1733903809647328,1.0674148620832224,1.182799499630731,1.054676603853893,1.112263764416118
2024-02-05,1.1696455476468082,1.0640082458330613,1.1790246374480362,1.051310641298021,1.1087140145026397
2024-02-06,1.1723448108774916,1.0664637233415246,1.1817455453832104,1.0537368157606959,1.1112726622730786
2024-02-07,1.181967026602125,1.0752169023663944,1.1914449192054826,1.0623855365672037,1.1112726622730786
2024-02-09,1.1894091361282937,1.0819868729084678,1.1989467051128395,1.069074715997936,1.1112726622730786
2024-02-09,1.1894091361282937,1.0819868729084678,1.1989467051128395,1.069074715997936,1.1112726622730786
2024-02-13,1.171903382740889,1.0660621630754825,1.1813005775467882,1.0533400476130186,1.1112726622730786
2024-02-14,1.1830764608810291,1.07622613736356,1.1925632497553564,1.0633827276098913,1.1112726622730786
2024-02-15,1.1899435098808593,1.082472984346442,1.1994853638724507,1.0695550263053046,1.1112726622730786
2024-02-16,1.1842139171945103,1.0772608635669414,1.1937098270413666,1.0644051056532056,1.1112726622730786
2024-02-20,1.1770809059415528,1.0707720748855873,1.186519617987563,1.0579937525301848,1.1112726622730786
2024-02-21,1.1785680224184294,1.0721248814662598,1.1880186592727797,1.059330415060244,1.1112726622730786
2024-02-22,1.2032035021460294,1.0945353917468794,1.2128516846389934,1.0814734839952855,1.134501474375996
2024-02-26,1.199057200223969,1.090763565791861,1.2086721345776585,1.077746670054544,1.134501474375996
2024-02-27,1.2011013751745743,1.092623119746258,1.210732701246652,1.0795840325636987,1.134501474375996
2024-02-28,1.1991082069256929,1.092623119746258,1.2087235502891347,1.0777925163268676,1.134501474375996
2024-02-29,1.2053620603219146,1.0983216086472174,1.2150275517432232,1.083413657396308,1.134501474375996
2024-03-01,1.2149759377825478,1.1070817394871408,1.2247185204390794,1.083413657396308,1.134501474375996
2024-03-04,1.2135252596323234,1.1057598867326595,1.2232562096701773,1.0821200642710747,1.134501474375996
2024-03-05,1.2010922698494346,1.0944309908032572,1.2107235229082285,1.071033366572654,1.1228781108509034
2024-03-06,1.2072514224097284,1.1000431886404107,1.2169320641445007,1.071033366572654,1.1286361843686126
2024-03-07,1.2196274189749623,1.111320152553237,1.2294073006746953,1.071033366572654,1.1402062660283747
2024-03-08,1.2116389349175134,1.1040410743829097,1.2213547589978238,1.0640181643553632,1.132737985603828
2024-03-12,1.2237754727424028,1.1150998443459201,1.2335886166290124,1.0746760396727715,1.1440842018831074
2024-03-12,1.2237754727424028,1.1150998443459201,1.2335886166290124,1.0746760396727715,1.1440842018831074
2024-03-13,1.2214180019858523,1.11295172540398,1.231212241914785,1.0726057928074566,1.1440842018831074
2024-03-14,1.2179061737210384,1.109751760019245,1.2276722531933881,1.0695218302867961,1.1440842018831074
2024-03-15,1.2099849166963759,1.1025339388813276,1.2196874776257598,1.0625656644556427,1.1440842018831074
2024-03-18,1.2176056060381246,1.1094778838189963,1.2273692753347634,1.0692578824513297,1.1512898373939686
2024-03-19,1.2244647231599142,1.115727886867119,1.234283393970107,1.0752813148441833,1.1512898373939686
2024-03-21,1.2392759345806914,1.1292238098674976,1.2492133727236545,1.0752813148441833,1.1512898373939686
2024-03-22,1.2375369250789343,1.1292238098674976,1.2474604185475342,1.0752813148441833,1.1512898373939686
2024-03-25,1.233750562585323,1.1257688417013538,1.243643694177268,1.0719913888968444,1.1512898373939686
2024-03-26,1.230291436635064,1.1226124693093835,1.2401568303768657,1.0719913888968444,1.1512898373939686
2024-03-27,1.2408640272220757,1.1322597135902546,1.2508141998755287,1.0812036175852004,1.1512898373939686
2024-03-28,1.2422486934559824,1.1335231894901332,1.2522099693953657,1.0824101205608727,1.1512898373939686
2024-04-02,1.2307193890459982,1.1230029659823504,1.2405882144292069,1.0723642772107171,1.1512898373939686
2024-04-03,1.232061480916737,1.1242275937609285,1.241941068192899,1.0723642772107171,1.1512898373939686
2024-04-04,1.2167703867513333,1.1102748241420355,1.2265273586371963,1.0590551823348322,1.1512898373939686
2024-04-05,1.2302011865809035,1.1225301182231777,1.2400658566305027,1.0707451102927148,1.1639978581678312
2024-04-08,1.2297401594682738,1.1221094416501998,1.2396011326588554,1.0703438405394863,1.1639978581678312
2024-04-09,1.2315164524308422,1.1237302678784793,1.2413916692623652,1.0718898941645878,1.165679189941856
2024-04-10,1.2198146097820186,1.1130526072199647,1.229595992517166,1.0718898941645878,1.165679189941856
2024-04-11,1.22886226408996,1.1213083824303296,1.2387161976610555,1.0798403557681837,1.1743253089996035
2024-04-12,1.210850083929611,1.1048726848018393,1.220559582414727,1.0640124801787938,1.1743253089996035
2024-04-15,1.1962059049219764,1.0915102102960155,1.2057979754647092,1.0511441743225245,1.1743253089996035
2024-04-16,1.1937432875646614,1.0892631289377799,1.2033156110059011,1.0489801941264092,1.1743253089996035
2024-04-17,1.1868227561918792,1.0829483041881407,1.1963395856543249,1.0428989030996851,1.1675173501801126
2024-04-18,1.184199126803386,1.0805543030769693,1.1936949180498617,1.0428989030996851,1.1649363979566005
2024-04-19,1.173781605898048,1.071048556292606,1.1936949180498617,1.0428989030996851,1.1649363979566005
2024-04-22,1.1839856740873025,1.080359532412436,1.2040720991879392,1.0428989030996851,1.1649363979566005
2024-04-23,1.1980675551990296,1.0932089230987554,1.2183928806989004,1.0553027511245536,1.1649363979566005
2024-04-24,1.198322710000957,1.0934417459517138,1.218652364225347,1.0555275010255656,1.1651844967508536
2024-04-25,1.1928260733509857,1.088426192190405,1.2130624766325715,1.0506858577029707,1.1598398631597784
2024-04-30,1.1898144671745536,1.0856781712372896,1.2099997782822902,1.0480331222461923,1.1569115394304428
2024-05-02,1.196531708759923,1.091807498759656,1.216830978484677,1.053949920088056,1.1634430235547786
2024-05-07,1.2253612554445743,1.1181137930481422,1.24614962106199,1.0793440640142156,1.1914753228385697
2024-05-08,1.2253541692707486,1.118107327078487,1.2461424146705782,1.0793378222470458,1.1914684326245948
2024-05-09,1.231576520923192,1.1237850789878767,1.2524703290871257,1.08481870251026,1.1975187124183853
2024-05-10,1.2336061853932265,1.1237850789878767,1.2545344270002747,1.0866065069540016,1.1975187124183853
2024-05-13,1.2333085352747604,1.123513927006108,1.2542317272203627,1.086344325587411,1.1975187124183853
2024-05-14,1.2392606056729694,1.1289361176385753,1.2602847750365118,1.0915871320041775,1.2032980575502983
2024-05-15,1.253695364109983,1.142085829712319,1.274964420468813,1.0915871320041775,1.2173139285535035
2024-05-16,1.251082820551533,1.13970586639505,1.2723075548702762,1.0915871320041775,1.2147771993338723
2024-05-17,1.2525392191252667,1.1410326098935835,1.273788661378834,1.0915871320041775,1.216191334154886
2024-05-20,1.2536865401254325,1.1420777912780986,1.2749554467845585,1.0915871320041775,1.2173053606353261
2024-05-21,1.2568191245863158,1.144931499144915,1.2781411758269365,1.0943146789451172,1.2203470395038691
2024-05-22,1.2534134995794042,1.1418290580152322,1.2746777740807287,1.0943146789451172,1.2170402435508614
2024-05-23,1.244127990789006,1.1333701864944687,1.2652347357856062,1.0862078023443655,1.208024194271392
2024-05-24,1.2528077478971953,1.1412772330405372,1.2740617457659047,1.0937858167955878,1.2164520703940427
2024-05-28,1.253119451533081,1.1415611874331322,1.274378737482443,1.0940579551316956,1.2167547285902895
2024-05-29,1.243853451555562,1.1331200879640024,1.2649555389689917,1.085968111042808,1.2077576219904593
2024-05-30,1.2363991414053426,1.1263293936401944,1.257374765766232,1.0794599945899919,1.2005196311408548
2024-05-31,1.2462852219167417,1.135335371317618,1.2674285645364556,1.0880912108841259,1.2101188239350875
2024-06-03,1.2476753711970943,1.1366017633293668,1.2688422978263192,1.0880912108841259,1.211468631974733
2024-06-04,1.24954899538246,1.1383085891608808,1.2707477082171175,1.0880912108841259,1.2132878847876676
2024-06-05,1.26426621649822,1.1517156178300703,1.2857146083333089,1.0880912108841259,1.2275780215838061
2024-06-06,1.2640135283279392,1.1514854250839892,1.28545763328514,1.0880912108841259,1.2273326662621953
2024-06-07,1.2626030242513464,1.150200490350445,1.284023199878059,1.0880912108841259,1.2259630941094444
2024-06-10,1.2658574675405236,1.1531652086309585,1.2873328550948828,1.0880912108841259,1.229123095541224
2024-06-11,1.2692838333719156,1.156286544144727,1.2908173495355528,1.0880912108841259,1.2324500304332855
2024-06-12,1.2800317825765906,1.1660776631330636,1.3017476386801528,1.0880912108841259,1.242886081043973
2024-06-13,1.2830293977064906,1.1688084172387234,1.3047961086245197,1.0880912108841259,1.2457967073049712
2024-06-14,1.2825239955844043,1.1683480082602224,1.304282132309271,1.0880912108841259,1.2453059716283876
2024-06-17,1.292316304737686,1.1683480082602224,1.314240568881722,1.0880912108841259,1.2548141142491862
2024-06-18,1.2955706024330984,1.1683480082602224,1.3175500760347694,1.0880912108841259,1.2579739743122385
2024-06-20,1.292293907095147,1.1683480082602224,1.3142177912611313,1.0853392625215477,1.2547923665718712
2024-06-21,1.2902735510348886,1.1683480082602224,1.3121631596757808,1.0853392625215477,1.2528306399489642
2024-06-24,1.286312567070128,1.1647613209858325,1.3081349772562803,1.0853392625215477,1.2528306399489642
2024-06-25,1.2913625413249885,1.169334093447687,1.3132706247856154,1.0853392625215477,1.2577491664715286
2024-06-26,1.2933915021807372,1.1711713258491034,1.3153340071475976,1.0853392625215477,1.2597253147207281
2024-06-27,1.2945644409809107,1.1722334267577788,1.316526844961647,1.0853392625215477,1.2608677226433915
2024-06-28,1.2892670981601844,1.1674366610419327,1.3111396322361324,1.0853392625215477,1.2557082664069994
2024-07-01,1.2927120404011714,1.1705560704126048,1.3146430182368827,1.0853392625215477,1.2590635389145155
2024-07-02,1.3006961140707833,1.1777856819645212,1.3227625424455278,1.0853392625215477,1.2668397920437866
2024-07-03,1.3072926154822258,1.183758841128609,1.329470954105909,1.0853392625215477,1.2732645905696576
2024-07-05,1.3143964284074143,1.183758841128609,1.3366952838662027,1.0912369834984776,1.2801834956017473
2024-07-08,1.3157320581582834,1.183758841128609,1.3380535726977854,1.0912369834984776,1.281484359729451
2024-07-09,1.3167067768129557,1.184635791582105,1.3390448275434603,1.0912369834984776,1.282433707055416
2024-07-10,1.3300796243117952,1.1966672886940433,1.3526445466215313,1.0912369834984776,1.295458467536511
2024-07-11,1.31837275661199,1.1861346669070776,1.3407390708419482,1.0816323201674676,1.2840563224221617
2024-07-12,1.3256262505470353,1.1926606062284173,1.3481156209641019,1.0875833028731825,1.291121012359233
2024-07-16,1.337810411923713,1.1926606062284173,1.3605064877513797,1.0875833028731825,1.3029880274888088
2024-07-17,1.3190470716517,1.1759330515732624,1.3414248256978958,1.0723295005375995,1.2847130854550002
2024-07-18,1.3086964031371497,1.1667054102906074,1.3308985571466143,1.0639148446568663,1.2746318384929805
2024-07-19,1.2993184058883565,1.1583449073491847,1.3213614613179527,1.0639148446568663,1.265497944760288
2024-07-22,1.313265535443995,1.1707788007041144,1.3355452052003687,1.0639148446568663,1.2790820390884974
2024-07-23,1.3112177187329965,1.1689531680896454,1.33346264709183,1.0622558484073141,1.2770875257903942
2024-07-24,1.2805074545637614,1.1415749073472679,1.302231380486031,1.0373765646287012,1.247176630960392
2024-07-25,1.2739052216357603,1.135689003742251,1.2955171400733891,1.032027902510946,1.247176630960392
2024-07-26,1.2879556857893701,1.148215020093954,1.309805971634669,1.032027902510946,1.247176630960392
2024-07-29,1.289002781282745,1.149148507780084,1.3108708311987256,1.0328669311962333,1.247176630960392
2024-07-30,1.2825932195497407,1.1434343709233146,1.3043525306655015,1.0277310040643362,1.2409750496107026
2024-07-31,1.3026914620874634,1.1613519935666439,1.3247917417235566,1.0438355543366926,1.2604211352052406
2024-08-01,1.2847297028299975,1.145339049958189,1.3065252595797443,1.029442949888871,1.2430422073067644
2024-08-02,1.2608942600188233,1.1240897059408854,1.2822854463042601,1.0103438129222453,1.2199801878182521
2024-08-05,1.2225289730024729,1.0898869773156452,1.2432692886895704,1.0103438129222453,1.2199801878182521
2024-08-06,1.2351221284949472,1.0898869773156452,1.2560760882151747,1.0103438129222453,1.2325470885152567
2024-08-07,1.2255317060562105,1.081424270444972,1.2463229633838202,1.0103438129222453,1.2325470885152567
2024-08-08,1.2534507014253609,1.081424270444972,1.2747156070593995,1.0103438129222453,1.2606259022142137
2024-08-09,1.2592927596514707,1.081424270444972,1.2747156070593995,1.0103438129222453,1.2606259022142137
2024-08-13,1.2803862450260528,1.0995384117814648,1.2747156070593995,1.0103438129222453,1.2606259022142137
2024-08-14,1.2852728084875205,1.0995384117814648,1.2795805286667792,1.0141997659043436,1.2606259022142137
2024-08-15,1.305842885192115,1.117135912732729,1.3000595035976779,1.0304314692755403,1.2808015188872688
2024-08-16,1.3084386933838232,1.1193566014437575,1.3026438153456033,1.0324798033280291,1.2808015188872688
2024-08-20,1.3184989896744064,1.127963087267118,1.3126595560981034,1.0404183126277353,1.2906493190437374
2024-08-20,1.3184989896744064,1.127963087267118,1.3126595560981034,1.0404183126277353,1.2906493190437374
2024-08-21,1.3240771874577006,1.1327351813243043,1.318213048882997,1.0448200294061698,1.296109692716286
2024-08-22,1.3121963098192315,1.122571205829837,1.3063847898633827,1.035444912123596,1.2844797659936886
2024-08-23,1.3271789491875954,1.1353887083760639,1.32130107337704,1.0472676078498873,1.299145938246905
2024-08-27,1.3251022132733423,1.13361208095987,1.319233535013579,1.0472676078498873,1.299145938246905
2024-08-27,1.3251022132733423,1.13361208095987,1.319233535013579,1.0472676078498873,1.299145938246905
2024-08-28,1.3171595944076744,1.1268172476176639,1.3113260928114137,1.0409903204254223,1.299145938246905
2024-08-29,1.31710777547286,1.126772917021926,1.3112745033748623,1.0409493663832656,1.299145938246905
2024-08-30,1.3303347873477531,1.138088497289005,1.324442934804976,1.051403066442375,1.3121925689573204
2024-09-03,1.30189487369507,1.1137584272195449,1.2961289772493327,1.0289261585931848,1.2841404998753416
2024-09-04,1.2998069397547514,1.111972220000749,1.2940502904541782,1.0272760024307976,1.2820810397852827
2024-09-05,1.2958780896813682,1.1086111268995116,1.2901388406664338,1.0272760024307976,1.278205768748344
2024-09-06,1.273315683684494,1.0893092075778346,1.2676763601698235,1.0272760024307976,1.2559510537935308
2024-09-09,1.2879760747195732,1.1018510298029351,1.2822718225395624,1.0391036018938071,1.2704115161953238
2024-09-10,1.2937238749623072,1.1067682171178759,1.2879941666401302,1.0437407687266549,1.2704115161953238
2024-09-11,1.3074484485798032,1.1185094566260219,1.3016579561867774,1.0437407687266549,1.283888778782787
2024-09-12,1.3172116537478278,1.1268617838778363,1.3113779215885852,1.0437407687266549,1.283888778782787
2024-09-13,1.3243155038058094,1.1329390586468238,1.3184503097638698,1.0437407687266549,1.2908129153478165
2024-09-17,1.326328921012025,1.134661517522913,1.3204548098483209,1.0437407687266549,1.2908129153478165
2024-09-18,1.3224817671971225,1.1313703147777971,1.3166246944986244,1.0437407687266549,1.2870687793699802
2024-09-19,1.3447448104357425,1.1504161321656408,1.3387891380695793,1.0437407687266549,1.3087356700575707
2024-09-20,1.3421321656499088,1.1481810399117671,1.3361880642942696,1.0417129312841797,1.3061929858264245
2024-09-24,1.3492633173142254,1.154281670939963,1.3432876331611836,1.0472478652450763,1.3131331818243979
2024-09-25,1.3467497590477455,1.1521313462415843,1.3407852070659472,1.0472478652450763,1.3106869308059281
2024-09-26,1.3521778080978604,1.1567749895149986,1.3461892161038018,1.0514687776617957,1.3106869308059281
2024-09-27,1.3504822191951293,1.155324429667446,1.3445011367091158,1.050150268527646,1.3106869308059281
2024-09-30,1.3561915089561878,1.1602086716391264,1.3501851408851349,1.050150268527646,1.3162279822671337
2024-10-01,1.3434869075029305,1.149340008416826,1.3375368061995283,1.050150268527646,1.303897753220648
2024-10-02,1.3436728118123535,1.1494990477490021,1.3377218871667456,1.050150268527646,1.3040781794012208
2024-10-03,1.3414116637078881,1.147564657494133,1.3354707533469066,1.050150268527646,1.301883661600827
2024-10-07,1.3404699818237005,1.1467590577829234,1.3345332420300504,1.050150268527646,1.3009697286952038
2024-10-08,1.35339575436359,1.1578169307229753,1.3474017682688353,1.050150268527646,1.3135146114769263
2024-10-09,1.3629888994230337,1.1660237732026373,1.3569524267326871,1.0575939477528233,1.322825070863968
2024-10-10,1.3601644757014668,1.1636075061249387,1.3541405119586754,1.055402371992314,1.3200838757513642
2024-10-11,1.3683711802173983,1.1706282621775201,1.3623108702155073,1.055402371992314,1.3280487494839692
2024-10-15,1.3684253018895993,1.1706745627427402,1.362364752190968,1.055402371992314,1.3281012763276543
2024-10-16,1.3748133242716383,1.176139453883351,1.3687244829833463,1.055402371992314,1.334301059879654
2024-10-17,1.3745779904154856,1.1759381280537498,1.368490191385422,1.055221713348985,1.334072660715821
2024-10-18,1.380026456114759,1.1805992375723389,1.3739145266501689,1.0594043347428956,1.33936057393932
2024-10-21,1.377508676864086,1.178445301862955,1.371407898264843,1.0594043347428956,1.3369169872622009
2024-10-22,1.3768543555817674,1.177885536357294,1.370756474873001,1.0594043347428956,1.3362819471697853
2024-10-23,1.3641407889336472,1.1670092034978117,1.3580992146980302,1.0594043347428956,1.3239430171100082
2024-10-24,1.3670648017793294,1.1695106681044998,1.3610102775309159,1.0594043347428956,1.3267808667076346
2024-10-25,1.3666553170370797,1.1691603578822896,1.3606026063349574,1.0594043347428956,1.3263834484429566
2024-10-28,1.3702741539646182,1.1722562377464907,1.3642054159784196,1.0594043347428956,1.3298956474176824
2024-10-29,1.372484190620649,1.1741469026533526,1.3664056647147365,1.0594043347428956,1.3320405598944924
2024-10-30,1.3679471811219612,1.1702655350670461,1.3618887489482472,1.0594043347428956,1.3276372445673077
2024-10-31,1.3422432038021812,1.1482760319732115,1.336298610675278,1.0594043347428956,1.3026906983159647
2024-11-01,1.3477252288367307,1.1529658511773757,1.3417563566460562,1.0594043347428956,1.3080111819661808
2024-11-05,1.3603601429556567,1.1637748975615962,1.3543353126320463,1.0594043347428956,1.3202737771874649
2024-11-06,1.3943436177919468,1.1928474304134205,1.3881682797731827,1.0594043347428956,1.3532558451467482
2024-11-07,1.4046669815619615,1.2016789679118927,1.3984459229188426,1.0594043347428956,1.3632750055495988
2024-11-08,1.409934207245202,1.2061850283560251,1.403689820852309,1.063376893216997,1.3683870194410095
2024-11-11,1.411299847571073,1.2073533203988172,1.405049412962721,1.0644068635230681,1.3683870194410095
2024-11-12,1.407211489212049,1.2038557695075285,1.400979161327525,1.061323410559209,1.3683870194410095
2024-11-13,1.4075383274631512,1.2041353764587945,1.401304552061206,1.0615699130146112,1.3687048403397826
2024-11-14,1.3989972229842134,1.196828544483813,1.3928012748484726,1.0615699130146112,1.360399381927691
2024-11-18,1.3858728045493347,1.1856007319088127,1.379734982487469,1.0615699130146112,1.360399381927691
2024-11-19,1.3913550037484161,1.1902907001090433,1.3851929018514304,1.0615699130146112,1.360399381927691
2024-11-20,1.391385572410729,1.190316851302928,1.3852233351297387,1.0615699130146112,1.360399381927691
2024-11-21,1.398796419369614,1.1966567589406825,1.392601360562859,1.0615699130146112,1.360399381927691
2024-11-22,1.4036390234790797,1.2007995597501653,1.3974225175075905,1.0615699130146112,1.360399381927691
2024-11-27,1.4105352123915822,1.2066991824249194,1.4042881642373537,1.0615699130146112,1.360399381927691
2024-11-27,1.4105352123915822,1.2066991824249194,1.4042881642373537,1.0615699130146112,1.360399381927691
2024-11-27,1.4105352123915822,1.2066991824249194,1.4042881642373537,1.0615699130146112,1.360399381927691
2024-12-02,1.4218725859269257,1.2163981954348455,1.4155753262517117,1.0701024292765218,1.360399381927691
2024-12-03,1.4225143487770597,1.2169472173236748,1.416214246830775,1.0705854205035452,1.3610133988187314
2024-12-04,1.4310965538800966,1.2242892104836176,1.424758442639129,1.0705854205035452,1.369224561079896
2024-12-05,1.428418307015139,1.2219979962878396,1.42209205732643,1.068581857544527,1.3666621054732548
2024-12-06,1.4319783820384773,1.2250436059133871,1.4256363653133213,1.0712451051119614,1.3700682643016202
2024-12-09,1.4231528412100047,1.2174934414023442,1.4168499114768347,1.0712451051119614,1.3700682643016202
2024-12-10,1.4189285050687812,1.2138795628382921,1.4126442842845703,1.0680653346174684,1.3660014987953153
2024-12-11,1.4304681709074394,1.223751634950094,1.424132842680079,1.0680653346174684,1.3660014987953153
2024-12-12,1.4227025295672984,1.2171082041630916,1.4164015941966168,1.0680653346174684,1.358585830327131
2024-12-13,1.4226649116513015,1.2170760224011057,1.4163641428847078,1.0680370937229724,1.358549907731523
2024-12-16,1.4280598224877217,1.2216913162543699,1.4217351604730284,1.0680370937229724,1.3637016870149044
2024-12-17,1.4225311688238036,1.2169616067103954,1.4162309923840632,1.0680370937229724,1.3584221922698787
2024-12-18,1.3799454869475758,1.1805299692357645,1.37383391608324,1.0360637430491138,1.317755712264773
2024-12-19,1.3787511807554769,1.1795082518813091,1.3726448992935094,1.0351670573789646,1.3166152296720057
2024-12-20,1.393656137653017,1.1922592978277944,1.3874838443803144,1.0351670573789646,1.3166152296720057
2024-12-23,1.4037753291972523,1.2009161679689704,1.3975582195482528,1.0351670573789646,1.3261750352360562
2024-12-27,1.4030161448377518,1.2002666931186645,1.3968023975020147,1.0351670573789646,1.3254578183682495
2025-01-06,1.404082539664604,1.2011789835417606,1.397864069426683,1.0351670573789646,1.3264652631976759
2025-01-07,1.388404547329499,1.1877666132821352,1.3822555125599156,1.0351670573789646,1.3264652631976759
2025-01-10,1.3690050139504912,1.1711705007836866,1.362941896794395,1.020703147763357,1.3079311787343304
2025-01-14,1.3727284442932726,1.174355859299361,1.362941896794395,1.02347926401759,1.311488499991406
2025-01-14,1.3727284442932726,1.174355859299361,1.362941896794395,1.02347926401759,1.311488499991406
2025-01-15,1.3976395299247406,1.1956670512502816,1.3876753846469327,1.042052478329544,1.335288256209608
2025-01-16,1.394683701547398,1.193138368765085,1.3847406291590854,1.0398486709670745,1.3324642927804617
2025-01-17,1.408548846270093,1.2049998654892335,1.3985069255640583,1.0501862495138548,1.3457108878591355
2025-01-21,1.42084547312339,1.2155195104013936,1.4107158864822054,1.0593543720613485,1.3457108878591355
2025-01-22,1.4295399115629834,1.2229575180913346,1.4193483399493747,1.0658367739465826,1.353945562701194
2025-01-23,1.4371156798393165,1.2294385143153084,1.426870098551482,1.0714851174132478,1.353945562701194
2025-01-24,1.4330065913354664,1.2259232289863442,1.4227903048364061,1.0714851174132478,1.3500742792515859
2025-01-27,1.4119586121837826,1.2079168871304966,1.4018923823463876,1.055747160205643,1.3302444086461551
2025-01-28,1.424914146098321,1.2190002206376729,1.414755552801456,1.0654342487797672,1.342450167655044
2025-01-29,1.418231507403163,1.2132832881009687,1.4081205564213384,1.060437518164426,1.3361542729435925
2025-01-30,1.4256936327801515,1.2196670639276614,1.4155294823146647,1.060437518164426,1.34318454314677
2025-01-31,1.4184802199484325,1.2134960592692452,1.4083674958284842,1.060437518164426,1.34318454314677
2025-02-03,1.407646297866103,1.2042277440904725,1.3976108116685557,1.0523382177417597,1.34318454314677
2025-02-04,1.417779799264272,1.2128968561727858,1.407672068630343,1.0599138926943372,1.34318454314677
2025-02-05,1.4233106117527417,1.2176284125702088,1.4131634504802544,1.0599138926943372,1.34318454314677
2025-02-06,1.4284881888042538,1.2220577794800986,1.4183041152029265,1.0599138926943372,1.3480706455963107
2025-02-07,1.4149033897185126,1.2104361157271062,1.4048161657760294,1.0599138926943372,1.3352506103889208
2025-02-10,1.4243693209803214,1.21853412803773,1.4142146118871517,1.0670048871216506,1.3441836517450125
2025-02-12,1.42096778004057,1.215624142781833,1.410837321440726,1.0644567693315532,1.340973602458913
2025-02-13,1.4357065942131124,1.228233055239796,1.4254710586728316,1.0754977167325102,1.3548826868270063
2025-02-14,1.4356032865437949,1.2281446765314812,1.4253684875114645,1.075420328244556,1.3547851949208336
2025-02-18,1.4391089892063909,1.2311437711301951,1.428849197084009,1.0780464742999982,1.3580935420872111
2025-02-19,1.4425256893980811,1.2340667249789778,1.43224153870802,1.0806059479903287,1.3580935420872111
2025-02-20,1.4362599002346137,1.228706403170362,1.4260204200280129,1.075912202091272,1.3580935420872111
2025-02-21,1.411539893943023,1.2075586777399385,1.4014766492597341,1.0573942747993168,1.3347188862192303
2025-02-25,1.3978871579849295,1.195878894652098,1.3879212473005818,1.0573942747993168,1.3218091805778767
2025-02-26,1.3980772778961252,1.196041540390671,1.3881100117961822,1.0573942747993168,1.3219889534891547
2025-02-27,1.375719641503753,1.1769147994779885,1.3659117689615279,1.0404847397592258,1.300848098971212
2025-02-28,1.397359368128866,1.1954273755533835,1.387397220199284,1.056851305043836,1.321310114917837
2025-03-03,1.3725514333010125,1.1742044281136914,1.362766147760748,1.056851305043836,1.321310114917837
2025-03-04,1.3556550031518901,1.1597496961313,1.3459901767722873,1.056851305043836,1.3050444774193974
2025-03-05,1.370699351586754,1.1597496961313,1.3609272700314028,1.056851305043836,1.3050444774193974
2025-03-06,1.3460545876760475,1.1388977438606707,1.3364582052209903,1.03784943503392,1.28158016848707
2025-03-07,1.3534651627955754,1.1451678367392304,1.343815948372402,1.0435632160881914,1.2886357858425799
2025-03-10,1.31645666324542,1.113854918951765,1.3070712922941403,1.0435632160881914,1.2533999495524422
2025-03-11,1.3064560620598384,1.1053934031768564,1.2971419880638502,1.0435632160881914,1.2438783653093268
2025-03-12,1.3128249978347362,1.1107821642651774,1.303465517995562,1.0435632160881914,1.2438783653093268
2025-03-13,1.2944606697750507,1.0952440932343415,1.2852321141325656,1.0289654309432772,1.2264784906843305
2025-03-14,1.3216999019387614,1.1182912269388574,1.3122771505392703,1.0506178680673555,1.2264784906843305
2025-03-17,1.3301529710316278,1.125443374709614,1.3206699554462136,1.057337203837863,1.2264784906843305
2025-03-18,1.3159061358510373,1.1133891173318782,1.3065246897565033,1.0460124094710155,1.2133420790911833
2025-03-19,1.330039795611602,1.125347616906247,1.3205575868839667,1.057247240814993,1.2133420790911833
2025-03-21,1.328226986800467,1.1238137980819922,1.3205575868839667,1.057247240814993,1.2133420790911833
2025-03-24,1.3514605430398696,1.1434717265383707,1.3436569887686896,1.057247240814993,1.2345660503794835
2025-03-25,1.3535865011836552,1.1434717265383707,1.3457706712823514,1.057247240814993,1.236508123910496
2025-03-26,1.3383996782825751,1.1306423265789702,1.3306715395812294,1.057247240814993,1.2226348842784855
2025-03-27,1.3339663135247042,1.1268971449820617,1.3262637737967582,1.0537451758236147,1.2185849831199176
2025-03-28,1.3073742548818736,1.1044329233147083,1.2998252620509276,1.0537451758236147,1.2185849831199176
2025-03-31,1.314595160652333,1.1105329409946259,1.3070044731301456,1.0595652343051747,1.2253154868785376
2025-04-01,1.3195566441349686,1.1147242624056477,1.311937308195466,1.0635641957848225,1.2299400151980766
2025-04-02,1.328405053059312,1.1221991488802014,1.3207346249591019,1.0635641957848225,1.238187491541936
2025-04-03,1.2625083546426563,1.1221991488802014,1.255218424859644,1.0108051605079098,1.1767661144359793
2025-04-04,1.1847263844050626,1.053061498837831,1.177885580443144,0.9485303909022181,1.1767661144359793
2025-04-07,1.1819610207101312,1.0506034645813571,1.175136184410594,0.9485303909022181,1.1767661144359793
2025-04-08,1.1632563844941601,1.033977573145084,1.1565395518241672,0.9485303909022181,1.1767661144359793
2025-04-09,1.2689904591549965,1.1279608629630833,1.2616631006400736,0.9485303909022181,1.283728154671178
2025-04-10,1.2242958692137114,1.1279608629630833,1.217226584573036,0.9151225929456825,1.283728154671178
2025-04-11,1.2462479462225506,1.1279608629630833,1.2390519066979195,0.9315310789481502,1.3067458745037666
2025-04-14,1.2561098228840772,1.1279608629630833,1.2488568392702235,0.938902521071534,1.3067458745037666
2025-04-15,1.2539377404837009,1.1260103775086108,1.2466972988289742,0.9372789579048946,1.304486231545751
2025-04-16,1.2255193573635381,1.1004912522185661,1.2184430081021258,0.916037111793832,1.304486231545751
2025-04-17,1.2271443453841537,1.1004912522185661,1.2200586131760662,0.916037111793832,1.304486231545751
2025-04-22,1.2283191950807475,1.1004912522185661,1.2212266790983093,0.9169141120643444,1.3057351272108022
2025-04-23,1.248615751653986,1.1186755996165891,1.2414060400334264,0.9320650591657542,1.3273108926838448
2025-04-24,1.2736587372018802,1.1186755996165891,1.2663044232857952,0.9320650591657542,1.3273108926838448
2025-04-25,1.2830151558262428,1.1268934973227418,1.2663044232857952,0.9389120980341523,1.337061445162219
2025-04-28,1.2838369199373656,1.1268934973227418,1.2671154842651506,0.9389120980341523,1.337061445162219
2025-04-30,1.2931633895442673,1.1268934973227418,1.2763204805297932,0.9457328515191784,1.337061445162219
2025-05-02,1.320188643633716,1.1504439499129804,1.3029937420563515,0.9457328515191784,1.337061445162219
2025-05-02,1.320188643633716,1.1504439499129804,1.3029937420563515,0.9457328515191784,1.337061445162219
2025-05-07,1.3072665450572725,1.1391833242447191,1.290239948376535,0.9457328515191784,1.337061445162219
2025-05-08,1.3148264587818144,1.1457712138226241,1.297701397405858,0.9457328515191784,1.3447936625956534
2025-05-09,1.3138906020100283,1.144955685855255,1.2967777297747367,0.9450597052743007,1.3447936625956534
2025-05-12,1.3559876756994809,1.144955685855255,1.3383265067928947,0.9753394317545734,1.387880870788475
2025-05-13,1.3657807301199274,1.144955685855255,1.347992010800214,0.9823834132779694,1.387880870788475
2025-05-14,1.3671790776247172,1.144955685855255,1.3493721454171472,0.9833892214318035,1.387880870788475
2025-05-15,1.3728170520568554,1.144955685855255,1.354936687604641,0.9874445228754924,1.387880870788475
2025-05-16,1.38240054889125,1.144955685855255,1.3643953634252897,0.9943377731049672,1.387880870788475
2025-05-19,1.3836111080980844,1.144955685855255,1.3655901556078314,0.9943377731049672,1.387880870788475
2025-05-20,1.378231968314149,1.144955685855255,1.3602810768561595,0.9943377731049672,1.387880870788475
2025-05-21,1.355812678976922,1.144955685855255,1.3381537893290123,0.978163176413931,1.365304625625718
2025-05-22,1.3552094056569204,1.144955685855255,1.3375583733901597,0.977727939484753,1.3646971288327714
2025-05-23,1.3460876139050393,1.1372490928461538,1.3285553891376,0.9711469412886458,1.3555114760756106
2025-05-27,1.3733493124165592,1.1372490928461538,1.3554620154971229,0.9711469412886458,1.3829640317695713
2025-05-28,1.3656767355506378,1.1372490928461538,1.3478893707164308,0.9657213736724722,1.3752377397471247
2025-05-29,1.3711437456264965,1.1418016725947167,1.3532851752864474,0.9657213736724722,1.3807430239656973
2025-05-30,1.3710324200529085,1.1418016725947167,1.353175299681612,0.9657213736724722,1.3807430239656973
2025-06-02,1.3766449489074397,1.1464758106675002,1.35871472770944,0.9657213736724722,1.3807430239656973
2025-06-02,1.3766449489074397,1.1464758106675002,1.35871472770944,0.9657213736724722,1.3807430239656973
2025-06-03,1.3846067805258244,1.1531064581458714,1.3665728598211566,0.9657213736724722,1.3807430239656973
2025-06-04,1.384708818512641,1.1531914358183986,1.3666735688061302,0.9657213736724722,1.3807430239656973
2025-06-05,1.3773818875821149,1.1531914358183986,1.3594420680679649,0.9606114374111928,1.3807430239656973
2025-06-06,1.3914700058806988,1.1649864924509803,1.3733466945536759,0.9704367499779045,1.3807430239656973
2025-06-09,1.3927494930429845,1.166057723059637,1.3746095169340524,0.9713290878351054,1.382012647433047
2025-06-10,1.4003650240491505,1.1724337072472442,1.382125858853309,0.9766402990920826,1.3895694695464371
2025-06-11,1.3965172557292587,1.1724337072472442,1.3783282060967283,0.9766402990920826,1.3857513640586625
2025-06-12,1.4018452633897924,1.1769067889424785,1.3835868186993905,0.9803663876697932,1.3910382975734539
2025-06-13,1.3859192591985172,1.1635362530189095,1.367868244011399,0.9692286967942254,1.3910382975734539
2025-07-02,1.4428089874533563,1.1635362530189095,1.4240170074936487,1.0090139561529146,1.448138154015879
2025-07-02,1.4428089874533563,1.1635362530189095,1.4240170074936487,1.0090139561529146,1.448138154015879
2025-07-03,1.4547905784318893,1.1635362530189095,1.4358425432912727,1.0090139561529146,1.4601640002593597
2025-07-07,1.4433074080674264,1.1635362530189095,1.4245089363889447,1.0090139561529146,1.4601640002593597
2025-07-08,1.4422737841558857,1.1635362530189095,1.423488774993926,1.0082913512897176,1.4591183045073648
2025-07-09,1.4509906609530352,1.1705684838463726,1.4320921181386603,1.0082913512897176,1.4591183045073648
2025-07-11,1.4501772818447678,1.169912300470987,1.4312893329510263,1.007726135301596,1.4583003693012226
2025-07-11,1.4501772818447678,1.169912300470987,1.4312893329510263,1.007726135301596,1.4583003693012226
2025-07-14,1.4522168329029674,1.1715576826599776,1.4333023197148904,1.007726135301596,1.4583003693012226
2025-07-15,1.4464601027973087,1.1669135129812647,1.4276205685965542,1.007726135301596,1.452519523459994
2025-07-16,1.4510721405548361,1.170634216491324,1.4321725365029325,1.007726135301596,1.452519523459994
2025-07-17,1.4588490646620618,1.176908152296813,1.439848169446018,1.007726135301596,1.452519523459994
2025-07-18,1.458717012246071,1.176908152296813,1.4397178369571808,1.007726135301596,1.4523880439827865
2025-07-22,1.4616861915332466,1.1793037172209013,1.4426483439335054,1.0097773347754926,1.4553443408251021
2025-07-23,1.4730603408509502,1.1884804999313703,1.4538743497423343,1.0097773347754926,1.4553443408251021
2025-07-24,1.4740885210923402,1.1893100465109767,1.4548891383687155,1.0097773347754926,1.4553443408251021
2025-07-25,1.479935412059825,1.194027379336641,1.46065987604159,1.0137825609836815,1.4553443408251021
2025-07-28,1.4801971546428203,1.1942385559919786,1.4609182095375772,1.0139618593935615,1.4553443408251021
2025-07-29,1.4758101379071737,1.1906990649754894,1.4565883318489536,1.010956673474568,1.4510309830002326
2025-07-30,1.473965050481638,1.1892104291300283,1.4547672759107637,1.009692755170934,1.4510309830002326
2025-07-31,1.468508875586193,1.184808330120489,1.449382165397495,1.0059551765485126,1.4510309830002326
2025-08-01,1.4448345622630185,1.1657076463578642,1.4260162000437313,0.9897378431468522,1.4510309830002326
2025-08-04,1.4659718217598936,1.1827614085408262,1.4468781556297474,1.0042172487278658,1.4510309830002326
2025-08-05,1.4588329733036611,1.1770017108917155,1.439832287670789,0.9993270082407079,1.4439648920023163
2025-08-06,1.4694175413150994,1.1855414511405942,1.4502789961376288,1.0065776290300348,1.454441584595106
2025-08-07,1.4682452562563904,1.1845956392861852,1.4491219795985382,1.0057745925330792,1.454441584595106
2025-08-08,1.4796526765529798,1.1937992653706306,1.460380823045753,1.0135888820407528,1.465741758310373
2025-08-12,1.49263567827619,1.204274087039984,1.473194726634476,1.0224824733616689,1.4786027006622338
2025-08-13,1.497449167040197,1.2081576601523767,1.4779455217327406,1.0257798003441005,1.4833709355300264
2025-08-14,1.4979029703895068,1.2085237934440696,1.478393414484376,1.0260906638573979,1.4838204724583102
2025-08-15,1.4935570991156946,1.2050174990168134,1.4741041463552593,1.0231136633249633,1.4795154587863804
2025-08-18,1.4934065733573578,1.2048960532595967,1.4739555811315872,1.0230105504542684,1.479366348192258
2025-08-19,1.4846322683300448,1.1978168521323793,1.465295557735223,1.0169999925954896,1.470674534577832
2025-08-20,1.4810178141391426,1.1949006726625682,1.4617281802892754,1.0145240260118458,1.4670940615890984
2025-08-21,1.4750756136602263,1.190106443125579,1.4558633744712515,1.0145240260118458,1.4612077265618204
2025-08-22,1.4973083202094781,1.2080440234552607,1.4778065093727268,1.0145240260118458,1.4832314128673223
2025-08-25,1.4909066367615476,1.2028790782499585,1.4714882051580198,1.0145240260118458,1.4768899146888608
2025-08-26,1.497057305707273,1.2078415023277838,1.4775587642287915,1.0145240260118458,1.482982758271785
2025-08-27,1.5006324828395698,1.2107259926556415,1.4810873761832952,1.0145240260118458,1.4865243234642136
2025-08-28,1.5053621063724358,1.2145419024218231,1.485755398359766,1.0177215555621884,1.4912094815577732
2025-08-29,1.4956996007590075,1.206746091765891,1.4762187428161855,1.0177215555621884,1.4816378177531944
2025-09-02,1.4853098843758448,1.1983635598500069,1.4659643481171523,1.0106520622535344,1.4713457800330452
2025-09-03,1.4928658855925676,1.204459820712169,1.4734219355974243,1.0157934056811924,1.478830743690189
2025-09-04,1.50527428638013,1.214471048332914,1.4856687221859073,1.0242364760311136,1.4911224872029651
2025-09-08,1.5036690902278498,1.2131759592773985,1.4840844330380796,1.0242364760311136,1.4895323822628264
2025-09-09,1.5077057695765992,1.2164327944235358,1.4880685363368562,1.0242364760311136,1.4935311108699714
2025-09-10,1.512197226958348,1.2200565492463677,1.4925014943761128,1.027287677779992,1.4935311108699714
2025-09-11,1.5249753857538928,1.230366101497811,1.50511322303011,1.035968321310719,1.5061515398461374
2025-09-16,1.5294344252204175,1.2339637012073568,1.5095141853838476,1.038997500452853,1.5105555382460334
2025-09-17,1.5279498195140298,1.2327659057856775,1.5080489160420965,1.0379889566456397,1.5090892580741504
2025-09-18,1.535249918388466,1.238655701959829,1.515253934200412,1.042948165329925,1.5162992466834588
2025-09-19,1.542732018068582,1.244692338288809,1.5226385826804953,1.0480310134321962,1.5236889895342378
2025-09-22,1.5495205483579668,1.250169395574505,1.5293386952193233,1.0526426959509827,1.5303937242100665
2025-09-24,1.536554065330857,1.2397079013620487,1.5165410951776344,1.0526426959509827,1.5175872956210466
2025-09-25,1.5288380302905,1.2334825235360773,1.5089255582469425,1.0473566939090144,1.5099665050390432
2025-09-25,1.5288380302905,1.2334825235360773,1.5089255582469425,1.0473566939090144,1.5099665050390432
2025-09-29,1.541858539572195,1.2439876066961675,1.5217764808739838,1.0562766169382032,1.522826292998513
2025-09-29,1.541858539572195,1.2439876066961675,1.5217764808739838,1.0562766169382032,1.522826292998513
2025-09-30,1.5481531825946788,1.2490661905659426,1.5279891388197453,1.060588870018481,1.5290432368060414
2025-10-01,1.553407799080341,1.2533056701409746,1.5331753161367072,1.0641886350957122,1.5342329918572473
2025-10-02,1.5543680818888779,1.254080436361146,1.5341230916657285,1.0648464932910475,1.5351814212183224
2025-10-03,1.5544699231259247,1.2541626029370576,1.5342236064635153,1.0649162613758436,1.535282005357208
2025-10-06,1.5601281889420942,1.258727751016505,1.5398081757483013,1.0687925533446898,1.5408704272107643
2025-10-07,1.5541705331819282,1.25392105199685,1.5339281159475628,1.0647111591637577,1.5349863109942845
2025-10-08,1.5632013416614463,1.2612072027938512,1.542841301946598,1.0708978692828384,1.543905645840307
2025-10-09,1.5588879660126578,1.257727126176961,1.5385841062006627,1.0708978692828384,1.5396455132269888
2025-10-10,1.5160404337802273,1.2231572887329585,1.4962946450462729,1.0708978692828384,1.497326878281561
2025-10-14,1.5371325994221159,1.2401746687217687,1.517112094105789,1.0708978692828384,1.5181586884582972
2025-10-15,1.5433086729899115,1.245157589514563,1.5232077269141182,1.0708978692828384,1.5181586884582972
2025-10-16,1.5335638439563968,1.2372953594617146,1.513589820178358,1.0641359577928322,1.5085726625882359
2025-10-17,1.54162560904071,1.2437996759055334,1.5215465841646592,1.0697299955913266,1.5165030519661098
2025-10-20,1.5579910538315436,1.2570034880422265,1.5376988759233066,1.081085935114699,1.5326018030678934
2025-10-21,1.5580419440792368,1.2570445468266787,1.537749103346937,1.081121247725051,1.5326518640006448
2025-10-22,1.5497036063239173,1.2503170886573047,1.5295193689322941,1.0753352968703638,1.5244494090205836
2025-10-24,1.570906396740162,1.2674237218718556,1.5504460019250288,1.0900478579263564,1.5453066756538492
2025-10-24,1.570906396740162,1.2674237218718556,1.5504460019250288,1.0900478579263564,1.5453066756538492
2025-10-27,1.5900951911342052,1.2829054420173716,1.5693848703463067,1.1033629123871576,1.5641827666395356
2025-10-28,1.5937290887653448,1.2829054420173716,1.572971437989864,1.1033629123871576,1.5677574457418015
2025-10-29,1.5936597030786543,1.282849588562929,1.5729029560225467,1.1033148756198774,1.5677574457418015
2025-10-30,1.5777961096901594,1.2700798584804986,1.5572459792628903,1.1033148756198774,1.5677574457418015
2025-10-31,1.5819211778795905,1.2734004180826413,1.5613173201748909,1.1033148756198774,1.571856268351678
2025-11-04,1.56596440381917,1.2605556802765352,1.5455683763823524,1.1033148756198774,1.571856268351678
2025-11-05,1.5716752615958278,1.265152754253479,1.551204852639471,1.1033148756198774,1.577588612951601
2025-11-06,1.5540078987099661,1.2509310423250568,1.5337675997211653,1.1033148756198774,1.577588612951601
2025-11-07,1.5559675791541014,1.2525085279367074,1.5357017561521056,1.1047062099800635,1.579578029836971
2025-11-10,1.5797483216014505,1.2716513321409981,1.5591727644354845,1.1047062099800635,1.579578029836971
2025-11-11,1.5830235279352554,1.2742877777320258,1.5624053125849253,1.106996537322999,1.5828528831141162
2025-11-12,1.5840197413592187,1.2750897004879214,1.5633885507482261,1.106996537322999,1.5828528831141162
2025-11-13,1.55757374321862,1.2538014431715923,1.537287000605522,1.106996537322999,1.5828528831141162
2025-11-14,1.5567921583493323,1.2531722901434672,1.5365155955502832,1.106996537322999,1.5828528831141162
2025-11-17,1.5424626001433726,1.241637413649262,1.5223726738103973,1.0968071416285956,1.5682834478825667
2025-11-18,1.5296745673741383,1.2313434201794833,1.5097511997870632,1.0877138866820102,1.5552813432473516
2025-11-19,1.5354058872606597,1.2359569655581755,1.5154078716436743,1.0877138866820102,1.5611086055172545
2025-11-20,1.511315880566026,1.216565212653218,1.4916316271497003,1.0877138866820102,1.5611086055172545
2025-11-21,1.5260890412108339,1.2284571761748875,1.5062123735933264,1.0877138866820102,1.5763684916270073
2025-11-25,1.5632794613975145,1.2583943799222115,1.5429184042059756,1.0877138866820102,1.5763684916270073
2025-11-26,1.5740394704465535,1.2670558734360573,1.553538268664723,1.0952005911084863,1.5763684916270073
2025-11-28,1.5824456126332944,1.2738225727664287,1.561834924386599,1.1010494990073771,1.5763684916270073
2025-12-01,1.5739992231576034,1.2738225727664287,1.5534985455797763,1.0951725874557978,1.5763684916270073
2025-12-02,1.5778621113295141,1.276948771354749,1.5573111212586652,1.0978603456020801,1.5802371944264044
