Date,Buy & Hold,Base RF,Sent RF,Base LSTM,Sent LSTM,ARIMA
2023-05-30,0.9952929846043574,1.0,0.9952929846043574,,,0.9952929846043574
2023-05-31,0.979853037347504,1.0,0.9952929846043574,,,0.9952929846043574
2023-06-01,0.9916446141699345,1.012034025892649,0.9952929846043574,,,0.9952929846043574
2023-06-02,1.003926225594488,1.012034025892649,1.00761978143845,,,1.00761978143845
2023-06-05,0.998448617884773,1.012034025892649,1.00761978143845,,,1.00761978143845
2023-06-06,1.0002326597709845,1.0138423423749623,1.0094202104873378,,,1.00761978143845
2023-06-07,0.9982367640632803,1.011819289478551,1.0074059816519758,,,1.0056091452358376
2023-06-08,1.0000738652526613,1.0136813872163395,1.0074059816519758,,,1.0074598141585542
2023-06-09,0.9975614522396664,1.011134789013186,1.0048751486949203,,,1.0074598141585542
2023-06-12,1.0067770917965873,1.011134789013186,1.0048751486949203,1.0,1.0,1.016766896438571
2023-06-13,1.0150490877733154,1.011134789013186,1.0131315177113083,1.0082163132674848,1.0082163132674848,1.016766896438571
2023-06-14,1.0200467566978981,1.011134789013186,1.0181197453384945,1.0082163132674848,1.0131803405236717,1.0217730231206041
2023-06-15,1.0187532732162272,1.011134789013186,1.016828705428499,1.0082163132674848,1.0118955640898308,1.0217730231206041
2023-06-16,1.02296649657784,1.011134789013186,1.0210339694203827,1.0082163132674848,1.0118955640898308,1.0259987351594835
2023-06-20,1.0074457167986182,0.9957935237421496,1.0210339694203827,1.0082163132674848,1.0118955640898308,1.010431949272123
2023-06-20,1.0074457167986182,0.9957935237421496,1.0210339694203827,1.0082163132674848,1.0118955640898308,1.010431949272123
2023-06-21,1.0019160213581857,0.9903277851757609,1.0210339694203827,1.0082163132674848,1.0118955640898308,1.010431949272123
2023-06-22,0.9997269801040164,0.9903277851757609,1.0210339694203827,1.0082163132674848,1.0118955640898308,1.008224301950056
2023-06-23,0.9897843306959198,0.9903277851757609,1.0210339694203827,1.0082163132674848,1.0118955640898308,1.008224301950056
2023-06-27,0.990841707228151,0.9903277851757609,1.0210339694203827,1.0092933804992041,1.0118955640898308,1.0093013777160038
2023-06-27,0.990841707228151,0.9903277851757609,1.0210339694203827,1.0092933804992041,1.0118955640898308,1.0093013777160038
2023-06-28,0.9972076253130089,0.9903277851757609,1.0210339694203827,1.015777846117654,1.0118955640898308,1.0157858947146357
2023-06-29,0.9970650586370042,0.9903277851757609,1.0208879963898794,1.0156326245334983,1.0117508975395817,1.0157858947146357
2023-06-30,1.0095651085365038,0.9903277851757609,1.033686710762759,1.028365453125028,1.0117508975395817,1.0285206448306392
2023-07-03,1.0053763502348485,0.9903277851757609,1.0293978701972455,1.0240986908404661,1.0117508975395817,1.0285206448306392
2023-07-05,0.9963670764831382,0.9903277851757609,1.0293978701972455,1.0149216444016924,1.0117508975395817,1.0193039728387028
2023-07-06,0.9704613119356411,0.9903277851757609,1.0293978701972455,1.0149216444016924,1.0117508975395817,1.0193039728387028
2023-07-06,0.9704613119356411,0.9903277851757609,1.0293978701972455,1.0149216444016924,1.0117508975395817,1.0193039728387028
2023-07-10,0.9794575602163526,0.9995081971356754,1.0293978701972455,1.0243300432592362,1.0117508975395817,1.0193039728387028
2023-07-11,0.9867532118484827,1.0069531992531227,1.0370655104880173,1.03195993500288,1.0117508975395817,1.0193039728387028
2023-07-12,1.0011862827128675,1.0069531992531227,1.0522344907600383,1.0470542368934215,1.0117508975395817,1.0193039728387028
2023-07-13,1.0085342765671925,1.0143435181652594,1.059957142083689,1.0547388688452202,1.0117508975395817,1.0193039728387028
2023-07-14,1.006284893998798,1.0120811789655537,1.0575930686217898,1.0523864339494386,1.0117508975395817,1.0170305700980415
2023-07-18,1.0075599782843216,1.0133636078429713,1.0575930686217898,1.0537199344444075,1.0130329079106115,1.0183192704507575
2023-07-19,1.0065247374015467,1.012322403886318,1.0575930686217898,1.0526372654434124,1.0119920437392784,1.0172729746835485
2023-07-20,1.012461145350335,1.0182930060403013,1.0575930686217898,1.0588456416487517,1.0179606974537154,1.0232727749354422
2023-07-21,1.0107727425331903,1.016594877882028,1.0558294028014725,1.0588456416487517,1.0179606974537154,1.0232727749354422
2023-07-24,1.011630246098411,1.0174573207393456,1.0567251308311958,1.0588456416487517,1.0188242990236722,1.0241408830825827
2023-07-25,1.0129190371069872,1.0187535352916846,1.0580713715672792,1.0601945838612745,1.0201222550713138,1.0241408830825827
2023-07-26,1.0079000071448434,1.0187535352916846,1.0528286110687204,1.0549413028119814,1.0150675330494274,1.0190662486948938
2023-07-27,1.0249108874593513,1.0187535352916846,1.0528286110687204,1.0549413028119814,1.0150675330494274,1.0190662486948938
2023-07-28,1.0288838671743734,1.0187535352916846,1.056909811460239,1.0549413028119814,1.0150675330494274,1.0230165721658102
2023-07-31,1.0274510316825443,1.0187535352916846,1.0554379467164738,1.0549413028119814,1.0150675330494274,1.0215919075364053
2023-08-01,1.0144735150050932,1.0058858748516442,1.0554379467164738,1.0549413028119814,1.0150675330494274,1.0215919075364053
2023-08-02,1.000612991734473,0.9921426825753042,1.0554379467164738,1.0549413028119814,1.0150675330494274,1.0076341272710283
2023-08-03,0.9926716069608642,0.9921426825753042,1.0554379467164738,1.0549413028119814,1.0070114295231576,0.9996370191165479
2023-08-04,0.9963174580099217,0.9921426825753042,1.0554379467164738,1.0588158559155263,1.0107099473925063,1.0033084524982085
2023-08-07,0.9962487521039963,0.9921426825753042,1.0554379467164738,1.0587428401292385,1.0106402489826218,1.0033084524982085
2023-08-08,0.9852058268517183,0.9921426825753042,1.0554379467164738,1.0470071987844038,1.0106402489826218,1.0033084524982085
2023-08-09,0.9900434752258631,0.9970143929372065,1.0554379467164738,1.0521483099460207,1.0156027877984544,1.0033084524982085
2023-08-10,0.9989924143220914,0.9970143929372065,1.0554379467164738,1.0521483099460207,1.0247827558719722,1.0123772928681622
2023-08-14,0.9932134135567617,0.9970143929372065,1.0554379467164738,1.0521483099460207,1.0188545623786316,1.0065208628628777
2023-08-15,0.9846226514818717,0.9970143929372065,1.0554379467164738,1.043047792700814,1.0188545623786316,1.0065208628628777
2023-08-16,0.9860061337232027,0.9970143929372065,1.0554379467164738,1.0445133674526128,1.0188545623786316,1.007935114035349
2023-08-17,0.9789525375090431,0.9970143929372065,1.0554379467164738,1.0370412277951417,1.0188545623786316,1.0007246443827593
2023-08-18,0.972522053025011,0.9904652648247723,1.0554379467164738,1.030229173819975,1.0188545623786316,1.0007246443827593
2023-08-21,0.9743324972184488,0.9904652648247723,1.0574027468937277,1.032147045419751,1.0188545623786316,1.0007246443827593
2023-08-22,0.980702158426409,0.9904652648247723,1.064315476662372,1.0388946670118562,1.0188545623786316,1.0072668432372285
2023-08-23,0.9821241972872607,0.9904652648247723,1.064315476662372,1.0404010862402926,1.0203319230317205,1.0072668432372285
2023-08-24,0.9754250291034808,0.9904652648247723,1.0570556734740837,1.0404010862402926,1.0203319230317205,1.0072668432372285
2023-08-25,0.976069833824489,0.991120011893689,1.0570556734740837,1.0404010862402926,1.0203319230317205,1.0072668432372285
2023-08-28,0.9860584724873344,0.991120011893689,1.0570556734740837,1.0404010862402926,1.0307735190550258,1.0175747373914195
2023-08-29,0.9946541956176361,0.991120011893689,1.0570556734740837,1.0404010862402926,1.0397590346477208,1.0264451958389216
2023-08-30,0.9922193509093564,0.991120011893689,1.0570556734740837,1.03785425630635,1.0397590346477208,1.0264451958389216
2023-08-31,0.9956567035110879,0.991120011893689,1.0570556734740837,1.03785425630635,1.0433610793162154,1.0264451958389216
2023-09-01,0.9889699830422549,0.991120011893689,1.0499566043033648,1.03785425630635,1.0433610793162154,1.019551703255637
2023-09-06,0.9827715422592794,0.984908095649632,1.0499566043033648,1.03785425630635,1.0368217384097214,1.0131615893328954
2023-09-07,0.9813526786662422,0.984908095649632,1.0499566043033648,1.03785425630635,1.0368217384097214,1.0131615893328954
2023-09-08,0.9827027853014197,0.984908095649632,1.0499566043033648,1.03785425630635,1.0368217384097214,1.0145554574233402
2023-09-12,0.9811551197002782,0.9833569568895488,1.04830302018467,1.03785425630635,1.0368217384097214,1.0145554574233402
2023-09-12,0.9811551197002782,0.9833569568895488,1.04830302018467,1.03785425630635,1.0368217384097214,1.0145554574233402
2023-09-14,0.9867430911804882,0.988957468490246,1.0542734190153862,1.03785425630635,1.0368217384097214,1.0145554574233402
2023-09-14,0.9867430911804882,0.988957468490246,1.0542734190153862,1.03785425630635,1.0368217384097214,1.0145554574233402
2023-09-15,0.9922366985304604,0.9944634041955653,1.0601429956613744,1.0436324206751761,1.0368217384097214,1.0145554574233402
2023-09-19,0.9778330142184732,0.9944634041955653,1.0447535577805882,1.0284826565640286,1.0368217384097214,1.0145554574233402
2023-09-20,0.9851162488935936,1.0018705077022558,1.0447535577805882,1.0284826565640286,1.0445443412747306,1.0221122134132616
2023-09-21,0.9719367415302884,0.9884668512828534,1.0447535577805882,1.0284826565640286,1.0305697673576009,1.0221122134132616
2023-09-22,0.9710269113962698,0.9884668512828534,1.0447535577805882,1.0284826565640286,1.02960505083904,1.0211554140122556
2023-09-25,0.9615056044493584,0.9884668512828534,1.0447535577805882,1.0183979730729809,1.0195093618235496,1.0211554140122556
2023-09-26,0.9521217016854828,0.9788198177400124,1.034557188926305,1.0084588239821988,1.0195093618235496,1.0111893534219132
2023-09-27,0.9497208779379552,0.9763516733223178,1.034557188926305,1.0059159432887599,1.0195093618235496,1.0111893534219132
2023-09-28,0.9563165014473307,0.9763516733223178,1.034557188926305,1.0129018304037365,1.0195093618235496,1.0182118633264448
2023-09-29,0.9602451483118213,0.9763516733223178,1.0388072566081448,1.0170629356382794,1.0195093618235496,1.0182118633264448
2023-10-02,0.9515077188469259,0.9763516733223178,1.0293549775227546,1.0078085117267168,1.0195093618235496,1.0182118633264448
2023-10-03,0.9413439590084223,0.965922536775118,1.018359673361914,0.9970433613516856,1.0195093618235496,1.0182118633264448
2023-10-04,0.9422614419368169,0.965922536775118,1.0193522198231026,0.9970433613516856,1.0195093618235496,1.0192042657242621
2023-10-05,0.9404062848931005,0.965922536775118,1.0193522198231026,0.9970433613516856,1.0175021163929883,1.0171976209774947
2023-10-06,0.9503101303750766,0.9760951054887209,1.0193522198231026,1.0075436775961475,1.0282178930740058,1.0171976209774947
2023-10-10,0.9623235253345325,0.9760951054887209,1.0193522198231026,1.0202805934207615,1.041216163069299,1.0171976209774947
2023-10-11,0.9645975660144713,0.9760951054887209,1.0193522198231026,1.0202805934207615,1.0436766328064453,1.0196013331478229
2023-10-12,0.9624125834283006,0.9760951054887209,1.0193522198231026,1.0202805934207615,1.0436766328064453,1.0196013331478229
2023-10-13,0.9474238699988714,0.9760951054887209,1.0193522198231026,1.0202805934207615,1.0436766328064453,1.003721956196643
2023-10-16,0.9506207063396661,0.9760951054887209,1.0193522198231026,1.023723265895183,1.0436766328064453,1.0071087558406364
2023-10-17,0.9514749956961525,0.9760951054887209,1.0193522198231026,1.0246432499479279,1.0436766328064453,1.008013809018209
2023-10-18,0.9416436750855414,0.9760951054887209,1.0193522198231026,1.0140559025690656,1.0436766328064453,0.9975982889244511
2023-10-19,0.9385394492827067,0.9728773069810174,1.0193522198231026,1.0107129623661426,1.0436766328064453,0.9975982889244511
2023-10-20,0.9230186343375949,0.9567886400022437,1.0193522198231026,1.0107129623661426,1.0436766328064453,0.9811008061134834
2023-10-23,0.9231589619567805,0.9567886400022437,1.0193522198231026,1.0107129623661426,1.0436766328064453,0.9812499640342244
2023-10-24,0.9280869404203387,0.9567886400022437,1.0193522198231026,1.0107129623661426,1.0436766328064453,0.9812499640342244
2023-10-25,0.9288500560325801,0.9567886400022437,1.0193522198231026,1.0107129623661426,1.0436766328064453,0.9820567927206907
2023-10-26,0.9187453452658684,0.9567886400022437,1.0082629602770423,0.9997176869860677,1.0436766328064453,0.9820567927206907
2023-10-27,0.9160195685748395,0.9539499946838235,1.0082629602770423,0.996751677761817,1.0436766328064453,0.9820567927206907
2023-10-30,0.9178345396084711,0.9539499946838235,1.0082629602770423,0.996751677761817,1.0436766328064453,0.9840026077374401
2023-10-31,0.9236660510603427,0.9600109676353149,1.0082629602770423,0.996751677761817,1.0436766328064453,0.9902545215934389
2023-11-01,0.930682360799703,0.9600109676353149,1.0082629602770423,1.0043231571903133,1.0436766328064453,0.9902545215934389
2023-11-02,0.9443226841967662,0.9600109676353149,1.0082629602770423,1.019042779304419,1.0436766328064453,0.9902545215934389
2023-11-06,0.9438467737242645,0.9600109676353149,1.0082629602770423,1.0185292121321863,1.0436766328064453,0.9897554628446072
2023-11-07,0.9448857073238344,0.9600109676353149,1.0082629602770423,1.0185292121321863,1.0436766328064453,0.9908449301546979
2023-11-08,0.9496726196493275,0.9600109676353149,1.0082629602770423,1.0185292121321863,1.0436766328064453,0.9958646778046476
2023-11-09,0.9573080160465341,0.9600109676353149,1.0082629602770423,1.0267182176019192,1.0436766328064453,1.003871459737376
2023-11-10,0.9499122751435232,0.9600109676353149,1.0082629602770423,1.018786243994152,1.0436766328064453,1.003871459737376
2023-11-13,0.9567842405418994,0.9600109676353149,1.0082629602770423,1.018786243994152,1.0436766328064453,1.003871459737376
2023-11-14,0.973437834369843,0.9600109676353149,1.0082629602770423,1.018786243994152,1.0436766328064453,1.0213446442209146
2023-11-15,0.9817399754617202,0.9600109676353149,1.0082629602770423,1.018786243994152,1.0436766328064453,1.0300553672279409
2023-11-17,0.9923420281038458,0.9600109676353149,1.0082629602770423,1.018786243994152,1.0436766328064453,1.0300553672279409
2023-11-17,0.9923420281038458,0.9600109676353149,1.0082629602770423,1.018786243994152,1.0436766328064453,1.0300553672279409
2023-11-20,0.9912299484210481,0.9600109676353149,1.0082629602770423,1.018786243994152,1.0436766328064453,1.0289010236512208
2023-11-21,0.991180078133027,0.9599626680217533,1.0082629602770423,1.0187349873069416,1.0436766328064453,1.0288492580740443
2023-11-22,0.9947449060595325,0.9634152209965997,1.0082629602770423,1.022398917820255,1.0436766328064453,1.0325495650598902
2023-11-24,0.9992025167007219,0.967732438320195,1.0082629602770423,1.0269804505004971,1.0483535143225196,1.0371765844100058
2023-11-27,0.9952601476147378,0.9639142349184112,1.004284843069868,1.022928483144238,1.0442172192101986,1.0371765844100058
2023-11-28,0.9968982035632904,0.9655006999749964,1.005937752377223,1.0246120772183844,1.0459358515010702,1.0371765844100058
2023-11-29,1.0076722953972448,0.9655006999749964,1.0168095401732233,1.035685689924949,1.0459358515010702,1.0483859894711427
2023-11-30,1.0107206561884445,0.9684214853246813,1.0168095401732233,1.035685689924949,1.0459358515010702,1.0515575153322234
2023-12-01,1.0220072179230897,0.9684214853246813,1.0281640955365416,1.035685689924949,1.0459358515010702,1.0515575153322234
2023-12-04,1.0224583653663721,0.968848978271367,1.0286179608271593,1.035685689924949,1.0459358515010702,1.0515575153322234
2023-12-05,1.0304268949303441,0.9763997030616258,1.036634495200123,1.035685689924949,1.0459358515010702,1.0597528291298068
2023-12-06,1.038084915836355,0.9836561997383495,1.036634495200123,1.043382793624904,1.0459358515010702,1.0597528291298068
2023-12-07,1.0363727290086844,0.9836561997383495,1.036634495200123,1.0416618686329218,1.0459358515010702,1.0580049038811667
2023-12-08,1.0444574693978697,0.9913296986490203,1.036634495200123,1.0497878695836282,1.0459358515010702,1.0580049038811667
2023-12-12,1.0464821964126334,0.993251435129635,1.0386440570332895,1.051822929814987,1.0459358515010702,1.0600558931970607
2023-12-12,1.0464821964126334,0.993251435129635,1.0386440570332895,1.051822929814987,1.0459358515010702,1.0600558931970607
2023-12-13,1.0448799375703353,0.9917306773947998,1.0386440570332895,1.0502124938270598,1.0459358515010702,1.0600558931970607
2023-12-14,1.0440183037660047,0.9909128717831598,1.0377875654900717,1.0493464626651294,1.0459358515010702,1.0591817449248848
2023-12-15,1.0439690688935188,0.9908661413104174,1.0377386244530515,1.0492969765219302,1.0459358515010702,1.0591317949594843
2023-12-18,1.0376624770006917,0.9848803429186237,1.0314696705243824,1.0429581988679957,1.0459358515010702,1.052733605405261
2023-12-19,1.0434954084699648,0.9848803429186237,1.0372677908517096,1.0429581988679957,1.0459358515010702,1.052733605405261
2023-12-20,1.0427872240201765,0.9842119384981578,1.036563832871842,1.0429581988679957,1.0459358515010702,1.0520191513088977
2023-12-21,1.0399397230365799,0.9842119384981578,1.0337333258751373,1.0429581988679957,1.0459358515010702,1.0491464410386608
2023-12-22,1.0411081667657107,0.9853177682325159,1.0348947962906394,1.0429581988679957,1.0459358515010702,1.0491464410386608
2023-12-27,1.043342387476522,0.9874322626095547,1.0371156830929842,1.0429581988679957,1.0459358515010702,1.0513979119060197
2023-12-28,1.0408141770598813,0.9850395327041835,1.0346025611258045,1.0429581988679957,1.0459358515010702,1.0488501814727302
2023-12-29,1.0439310350390438,0.9879893660125388,1.0377008175859694,1.0460814774087026,1.0459358515010702,1.0488501814727302
2024-01-04,1.0355248384719111,0.9879893660125388,1.0293447894981793,1.0376579645240556,1.0459358515010702,1.0404043737526802
2024-01-05,1.034085582965875,0.9879893660125388,1.0279141235200644,1.0362157442282804,1.0459358515010702,1.0389583362770005
2024-01-10,1.0400259022895568,0.9879893660125388,1.0279141235200644,1.0421683002935995,1.0459358515010702,1.0389583362770005
2024-01-10,1.0400259022895568,0.9879893660125388,1.0279141235200644,1.0421683002935995,1.0459358515010702,1.0389583362770005
2024-01-10,1.0400259022895568,0.9879893660125388,1.0279141235200644,1.0421683002935995,1.0459358515010702,1.0389583362770005
2024-01-11,1.0310902867622862,0.9795008340439745,1.019082569053386,1.0332142778739348,1.0459358515010702,1.0389583362770005
2024-01-12,1.0408599770579685,0.9795008340439745,1.028738484944751,1.0430040932116411,1.0459358515010702,1.0488025771799157
2024-01-17,1.0237170666711868,0.9795008340439745,1.028738484944751,1.0258258693418822,1.0459358515010702,1.0315288525768802
2024-01-17,1.0237170666711868,0.9795008340439745,1.028738484944751,1.0258258693418822,1.0459358515010702,1.0315288525768802
2024-01-19,1.0313788070008219,0.9795008340439745,1.036437806754808,1.0335033924488055,1.0459358515010702,1.0315288525768802
2024-01-19,1.0313788070008219,0.9795008340439745,1.036437806754808,1.0335033924488055,1.0459358515010702,1.0315288525768802
2024-01-22,1.0393367112586636,0.9795008340439745,1.036437806754808,1.0414776895658644,1.0459358515010702,1.0315288525768802
2024-01-23,1.0358252887247699,0.9795008340439745,1.0329361782352007,1.0414776895658644,1.0459358515010702,1.0315288525768802
2024-01-24,1.0520708632057156,0.9795008340439745,1.0329361782352007,1.0578119146135223,1.0623399970290974,1.0477070430364055
2024-01-26,1.0565133274008685,0.9795008340439745,1.0329361782352007,1.0578119146135223,1.0668258235688612,1.0477070430364055
2024-01-26,1.0565133274008685,0.9795008340439745,1.0329361782352007,1.0578119146135223,1.0668258235688612,1.0477070430364055
2024-01-29,1.0552867620060467,0.9795008340439745,1.0329361782352007,1.0578119146135223,1.0668258235688612,1.0477070430364055
2024-01-30,1.0571929597210985,0.9795008340439745,1.0348020033868432,1.0578119146135223,1.0668258235688612,1.049599549266355
2024-01-31,1.0529125146743366,0.9755349549158266,1.0348020033868432,1.0535289634940712,1.0668258235688612,1.0453498490101918
2024-02-01,1.0501232747302456,0.9729506936166342,1.0348020033868432,1.0507380905333263,1.0668258235688612,1.0425806431039342
2024-02-02,1.0538024290559902,0.9763594703186603,1.0384274789463939,1.0507380905333263,1.0668258235688612,1.0425806431039342
2024-02-05,1.0529206842623318,0.9755425241284111,1.0375585987864069,1.0498589097540065,1.0668258235688612,1.0417082878799577
2024-02-06,1.0609364634143803,0.9755425241284111,1.045457427928516,1.0578513799250093,1.0668258235688612,1.0417082878799577
2024-02-07,1.0539825104218021,0.9755425241284111,1.038604932929749,1.0509176482428517,1.0668258235688612,1.0417082878799577
2024-02-09,1.0542652459214978,0.9755425241284111,1.038883543325837,1.0511995615796261,1.0671120043444742,1.041987730764824
2024-02-09,1.0542652459214978,0.9755425241284111,1.038883543325837,1.0511995615796261,1.0671120043444742,1.041987730764824
2024-02-13,1.051416850436261,0.9729068203222452,1.036076705856857,1.0511995615796261,1.0671120043444742,1.0391725064562694
2024-02-14,1.0554358629827976,0.9766257303966496,1.036076705856857,1.0511995615796261,1.0671120043444742,1.0391725064562694
2024-02-15,1.06172089741024,0.9824414569164228,1.0422464580835609,1.0511995615796261,1.0671120043444742,1.0453606939228872
2024-02-16,1.066118308430109,0.9865105101860329,1.0465632103217202,1.0511995615796261,1.0671120043444742,1.0496903446309096
2024-02-20,1.0630614610195812,0.9865105101860329,1.0435624326274169,1.0511995615796261,1.0671120043444742,1.0496903446309096
2024-02-21,1.0661517735078143,0.9893782895771485,1.0465960615717926,1.0511995615796261,1.0671120043444742,1.0527417873740972
2024-02-22,1.0817527031668406,1.0038557978319782,1.0465960615717926,1.0511995615796261,1.0671120043444742,1.068146489576959
2024-02-26,1.0850346182426336,1.0038557978319782,1.0465960615717926,1.0511995615796261,1.0671120043444742,1.0713871249430973
2024-02-27,1.0933018320874184,1.0115044851738122,1.0545704001824237,1.0511995615796261,1.0671120043444742,1.0713871249430973
2024-02-28,1.0960837776313885,1.0140782944482944,1.0572537922151517,1.0511995615796261,1.0671120043444742,1.0713871249430973
2024-02-29,1.1008664937948769,1.0140782944482944,1.0618670753456292,1.0511995615796261,1.0671120043444742,1.076062078285525
2024-03-01,1.1044028719771732,1.017335877793633,1.065278173402403,1.0545763917545505,1.0705399509951363,1.0795187757850808
2024-03-04,1.1032252987098954,1.0162511400009941,1.0641423169762354,1.053451946138967,1.0693984841809583,1.0783677352688485
2024-03-05,1.1021181659561528,1.0152312894551092,1.0630744056301615,1.0523947630273867,1.0683252980511404,1.0772855481202293
2024-03-06,1.1032577803985009,1.0162810609546862,1.0641736479649395,1.0534829623766435,1.069429969924259,1.0783994850891436
2024-03-07,1.1110849593703271,1.0234911743942638,1.071723540426803,1.0609570086392617,1.0770171539180202,1.0860503042565999
2024-03-08,1.1093188076205192,1.0218642594465592,1.0700199565646762,1.0592705389760046,1.0753051554655855,1.0843239469433579
2024-03-12,1.1186573304462177,1.0218642594465592,1.0790276518454998,1.0592705389760046,1.0753051554655855,1.0843239469433579
2024-03-12,1.1186573304462177,1.0218642594465592,1.0790276518454998,1.0592705389760046,1.0753051554655855,1.0843239469433579
2024-03-13,1.118425045474457,1.0218642594465592,1.0788035958268993,1.0592705389760046,1.0753051554655855,1.0840987911690738
2024-03-14,1.117220127253765,1.0207633695207985,1.0776413631726685,1.0592705389760046,1.0753051554655855,1.0840987911690738
2024-03-15,1.1168844507543612,1.0204566741200964,1.0773175783861448,1.0592705389760046,1.0753051554655855,1.0837730662037333
2024-03-18,1.1166372182976858,1.0202307868223521,1.0770791044138874,1.0592705389760046,1.0753051554655855,1.0835331632509657
2024-03-19,1.120044937884478,1.0233442961863002,1.0803661017488242,1.0592705389760046,1.0753051554655855,1.0868398568868614
2024-03-21,1.1319222500214614,1.0233442961863002,1.0918226469093455,1.0592705389760046,1.0753051554655855,1.0868398568868614
2024-03-22,1.1335828712946625,1.0233442961863002,1.0934244388292287,1.0608245743269886,1.0753051554655855,1.0884343386517308
2024-03-25,1.1370252219965795,1.02645188544641,1.096744840433567,1.0640459799343922,1.0753051554655855,1.0884343386517308
2024-03-26,1.144660511360927,1.0333446588100486,1.1041096411904585,1.071191203097959,1.0753051554655855,1.0884343386517308
2024-03-27,1.15042024509927,1.0385442704290502,1.1096653299628731,1.0765812519827274,1.0753051554655855,1.0939111520126197
2024-03-28,1.1513786802667378,1.039409499771103,1.1105898114998478,1.0765812519827274,1.0753051554655855,1.0948225084692194
2024-04-02,1.138269166700215,1.0275748591164182,1.0979447170142296,1.0765812519827274,1.0753051554655855,1.082356939344397
2024-04-03,1.1435234164531607,1.0323181440156284,1.1030128291329508,1.0815507503603865,1.0753051554655855,1.0873530982912616
2024-04-04,1.1457258227991354,1.0323181440156284,1.1030128291329508,1.0836337984220306,1.0753051554655855,1.0894473215747862
2024-04-05,1.1314368635565184,1.0323181440156284,1.1030128291329508,1.0836337984220306,1.0753051554655855,1.0758602416074967
2024-04-08,1.1403615365165163,1.0323181440156284,1.1030128291329508,1.0836337984220306,1.0753051554655855,1.0758602416074967
2024-04-09,1.1251789090135196,1.0323181440156284,1.0883274575385105,1.069206436761485,1.0753051554655855,1.0615363760871745
2024-04-10,1.1264610423819428,1.0323181440156284,1.0883274575385105,1.0704247898956607,1.0753051554655855,1.0627459892417348
2024-04-11,1.117535990265989,1.0323181440156284,1.0883274575385105,1.0619437180462283,1.0753051554655855,1.0627459892417348
2024-04-12,1.1160311930479827,1.0323181440156284,1.0883274575385105,1.0605137775642088,1.0753051554655855,1.0613149684764192
2024-04-15,1.1220066480669728,1.0323181440156284,1.0883274575385105,1.066191981197162,1.0753051554655855,1.0613149684764192
2024-04-16,1.1056838400647886,1.0173001128025616,1.072494610056268,1.0506811577697497,1.0753051554655855,1.045875095201042
2024-04-17,1.1059196860963612,1.0173001128025616,1.072494610056268,1.0509052715466984,1.0753051554655855,1.045875095201042
2024-04-18,1.1101051596517544,1.0211501959266471,1.07655358276932,1.0548825370557409,1.0753051554655855,1.045875095201042
2024-04-19,1.1038616761869873,1.0154070153748949,1.07049880099075,1.0489496381586263,1.0692573951256241,1.0399928562020377
2024-04-22,1.1115171972282458,1.0154070153748949,1.07049880099075,1.0562243322614984,1.0692573951256241,1.0399928562020377
2024-04-23,1.1286140224018397,1.0154070153748949,1.07049880099075,1.0724706690683437,1.0692573951256241,1.0399928562020377
2024-04-24,1.1255639944515026,1.0154070153748949,1.07049880099075,1.0695723659712282,1.0692573951256241,1.0371823229137689
2024-04-25,1.1148465726397727,1.0057384888868335,1.07049880099075,1.0593880865692653,1.0692573951256241,1.0371823229137689
2024-04-30,1.1157726714458178,1.0065739520228472,1.07049880099075,1.0593880865692653,1.0692573951256241,1.038043906323069
2024-05-02,1.1135510079378075,1.0065739520228472,1.07049880099075,1.0593880865692653,1.0692573951256241,1.0359770119408989
2024-05-07,1.1462641540652319,1.0065739520228472,1.07049880099075,1.090510071134456,1.1006693135426808,1.0664112418366953
2024-05-08,1.1505061063515762,1.010298956125972,1.0744603702505815,1.090510071134456,1.1006693135426808,1.0664112418366953
2024-05-09,1.1621532880234104,1.010298956125972,1.0853377007248888,1.090510071134456,1.1006693135426808,1.0772070867279024
2024-05-10,1.1675049895686516,1.010298956125972,1.090335667438864,1.090510071134456,1.1006693135426808,1.0772070867279024
2024-05-13,1.1655985191408034,1.010298956125972,1.0885552102031582,1.088729329107258,1.1006693135426808,1.075448067731098
2024-05-14,1.1639928844167882,1.010298956125972,1.0885552102031582,1.0872295831937533,1.099153120067431,1.0739666170145195
2024-05-15,1.1734657251709804,1.01852100048177,1.0885552102031582,1.096077706616777,1.099153120067431,1.0827068033803446
2024-05-16,1.1653187419082558,1.0114497470436268,1.080997732478971,1.096077706616777,1.099153120067431,1.0751899292046694
2024-05-17,1.1631781507892245,1.0114497470436268,1.080997732478971,1.096077706616777,1.099153120067431,1.0751899292046694
2024-05-20,1.167184813229591,1.0114497470436268,1.080997732478971,1.096077706616777,1.099153120067431,1.0751899292046694
2024-05-21,1.1645575683112426,1.0114497470436268,1.080997732478971,1.096077706616777,1.099153120067431,1.0727697578267141
2024-05-22,1.1616585447936079,1.0114497470436268,1.080997732478971,1.096077706616777,1.099153120067431,1.0727697578267141
2024-05-23,1.1623498542934267,1.0120516664474435,1.0816410402780612,1.096077706616777,1.099153120067431,1.0727697578267141
2024-05-24,1.1624773298564814,1.0121626587236021,1.0817596644600345,1.0961979140760774,1.0992736648090562,1.0728874090901455
2024-05-28,1.161513037547959,1.0113230546799676,1.0817596644600345,1.0952886015329308,1.0983618008847356,1.0728874090901455
2024-05-29,1.1487207188626334,1.0001848527045558,1.0698457091953417,1.0832256453798146,1.086264998064194,1.0728874090901455
2024-05-30,1.1501810857608947,1.0001848527045558,1.0698457091953417,1.0846027484910277,1.0876459650998402,1.0728874090901455
2024-05-31,1.1502525936891346,1.0002470352143877,1.0699122225914912,1.0846701793473232,1.0877135851560085,1.0728874090901455
2024-06-03,1.157086036910211,1.0002470352143877,1.076268378156562,1.0911140092720117,1.0877135851560085,1.0792612397016559
2024-06-04,1.144423980993345,1.0002470352143877,1.0644907143087088,1.0791738888692364,1.0877135851560085,1.0792612397016559
2024-06-05,1.1549641894771423,1.0094593660127242,1.0644907143087088,1.0891131403772998,1.0877135851560085,1.0792612397016559
2024-06-06,1.159725072450917,1.0094593660127242,1.0688786561719001,1.0936025784514654,1.0877135851560085,1.0792612397016559
2024-06-07,1.1537783810921778,1.0094593660127242,1.0688786561719001,1.0879949416436931,1.0877135851560085,1.0737271405945352
2024-06-10,1.149893438167779,1.0060603666158496,1.0688786561719001,1.0843315013161674,1.0877135851560085,1.0737271405945352
2024-06-11,1.1420984891443906,1.0060603666158496,1.0688786561719001,1.0769809864800435,1.0877135851560085,1.066448511072743
2024-06-12,1.158206318025159,1.0202495529103799,1.0688786561719001,1.0921704168163517,1.0877135851560085,1.0814893944026729
2024-06-13,1.1352790953270215,1.0202495529103799,1.0688786561719001,1.0705504049229941,1.0877135851560085,1.0814893944026729
2024-06-14,1.1187722333181596,1.0202495529103799,1.0688786561719001,1.0549846925969824,1.0877135851560085,1.0814893944026729
2024-06-17,1.1228782019932908,1.0202495529103799,1.0688786561719001,1.0588565567455042,1.0877135851560085,1.0814893944026729
2024-06-18,1.1268336954849727,1.0238435228167013,1.0726439288082201,1.0588565567455042,1.0915452064300353,1.085299090105456
2024-06-20,1.134403106580018,1.0238435228167013,1.0726439288082201,1.0659693370970371,1.0915452064300353,1.085299090105456
2024-06-21,1.1287550179803,1.0238435228167013,1.0726439288082201,1.0659693370970371,1.0915452064300353,1.085299090105456
2024-06-24,1.138781422632098,1.0329380289729182,1.0726439288082201,1.0659693370970371,1.0915452064300353,1.0949394883072696
2024-06-25,1.1295496280461534,1.0245642783005127,1.0726439288082201,1.0573278104972703,1.0915452064300353,1.0860631084865235
2024-06-26,1.1281580875028085,1.0245642783005127,1.0726439288082201,1.056025243102814,1.0902004851606666,1.0847251408483027
2024-06-27,1.1315898002159979,1.0245642783005127,1.0726439288082201,1.0592375369225804,1.0935167356988622,1.0847251408483027
2024-06-28,1.133136010522168,1.0245642783005127,1.0726439288082201,1.0606848847123531,1.095010922767696,1.0862073150352929
2024-07-01,1.1365615319798257,1.027661582496547,1.0726439288082201,1.0638913831367753,1.098321190359123,1.0862073150352929
2024-07-02,1.1286673954508875,1.027661582496547,1.0726439288082201,1.0638913831367753,1.090692657116213,1.0862073150352929
2024-07-03,1.141670264696007,1.027661582496547,1.0726439288082201,1.0638913831367753,1.1032580364868367,1.0987210207978786
2024-07-05,1.1479236005822266,1.027661582496547,1.0726439288082201,1.0697186963032266,1.1032580364868367,1.1047391083322233
2024-07-08,1.1477123310645057,1.027661582496547,1.0726439288082201,1.0695218200015717,1.1032580364868367,1.1045357867013181
2024-07-09,1.1329634269666997,1.027661582496547,1.0726439288082201,1.0695218200015717,1.1032580364868367,1.1045357867013181
2024-07-10,1.1435395246615185,1.0372546982450352,1.0726439288082201,1.0695218200015717,1.1032580364868367,1.1148465152822506
2024-07-11,1.1514232216477567,1.0372546982450352,1.0726439288082201,1.0695218200015717,1.1032580364868367,1.1225323992618623
2024-07-12,1.1646180523036487,1.0372546982450352,1.0726439288082201,1.0695218200015717,1.1032580364868367,1.1353961531236405
2024-07-16,1.150232889307879,1.0372546982450352,1.0593948144554006,1.0695218200015717,1.1032580364868367,1.1353961531236405
2024-07-17,1.145207446489966,1.0327228645424025,1.0593948144554006,1.0648490091309293,1.1032580364868367,1.1304355329777198
2024-07-18,1.140069077982541,1.0327228645424025,1.0593948144554006,1.0600711964905634,1.1032580364868367,1.1253634437591857
2024-07-19,1.1286560224724653,1.0327228645424025,1.0593948144554006,1.0494589874202243,1.1032580364868367,1.114097604082732
2024-07-22,1.1431668528830456,1.0327228645424025,1.0593948144554006,1.0629516026068728,1.1032580364868367,1.114097604082732
2024-07-23,1.1524836253762878,1.0327228645424025,1.0680288475730588,1.0629516026068728,1.1032580364868367,1.114097604082732
2024-07-24,1.1418624668255504,1.0327228645424025,1.0581860146884432,1.0629516026068728,1.1032580364868367,1.114097604082732
2024-07-25,1.1363383663095747,1.0327228645424025,1.0581860146884432,1.057809256950533,1.1032580364868367,1.114097604082732
2024-07-26,1.1436937735736845,1.0327228645424025,1.0581860146884432,1.057809256950533,1.1032580364868367,1.1213090490651019
2024-07-29,1.1376618368266038,1.0327228645424025,1.0581860146884432,1.0522302823370187,1.0974393612036768,1.1153951712298178
2024-07-30,1.1432684142928151,1.0378122861558894,1.0581860146884432,1.0574158395907205,1.1028477159483703,1.1153951712298178
2024-07-31,1.1493049876592307,1.0378122861558894,1.0581860146884432,1.0574158395907205,1.1028477159483703,1.1153951712298178
2024-08-01,1.1225685276473725,1.0136694981348136,1.0581860146884432,1.0328170110685342,1.1028477159483703,1.0894475605318574
2024-08-02,1.0960716895770548,1.0136694981348136,1.0581860146884432,1.0084386462519954,1.1028477159483703,1.0894475605318574
2024-08-05,1.0758897479723242,0.9950048260952068,1.0581860146884432,0.9898702897620428,1.1028477159483703,1.0693875888555937
2024-08-06,1.0768399384995084,0.9958835817130943,1.0591205698592223,0.9898702897620428,1.103821714868423,1.0703320368891716
2024-08-07,1.0929040864533486,1.010740034032026,1.0749203827440243,0.9898702897620428,1.103821714868423,1.0703320368891716
2024-08-08,1.0969449399252367,1.0144770979027895,1.0788947440941683,0.9898702897620428,1.103821714868423,1.0703320368891716
2024-08-09,1.09957736513618,1.0169116185348148,1.0814838528278312,0.9898702897620428,1.103821714868423,1.0703320368891716
2024-08-13,1.105095851845011,1.0220152278204109,1.086911533004666,0.9898702897620428,1.103821714868423,1.0703320368891716
2024-08-14,1.1096496482387026,1.0220152278204109,1.0913903968163388,0.9898702897620428,1.103821714868423,1.0747425811523692
2024-08-15,1.127963717578202,1.0220152278204109,1.0913903968163388,0.9898702897620428,1.103821714868423,1.0924805313104022
2024-08-16,1.1365633855345063,1.0298071376740474,1.0913903968163388,0.9974171245397084,1.103821714868423,1.100809673171603
2024-08-20,1.1387398416607855,1.0298071376740474,1.0934803491635154,0.9974171245397084,1.103821714868423,1.102917662912901
2024-08-20,1.1387398416607855,1.0298071376740474,1.0934803491635154,0.9974171245397084,1.103821714868423,1.102917662912901
2024-08-21,1.1443972816638786,1.034923382739866,1.0934803491635154,1.0023724508870429,1.1093056760837186,1.1083971326548054
2024-08-22,1.147150601552599,1.0374133179910723,1.096111167360584,1.0047840714397587,1.1119745686349058,1.1110638393298704
2024-08-23,1.155784284244281,1.0452210961463881,1.096111167360584,1.0123462754212813,1.120343509534052,1.1194259258998405
2024-08-27,1.1588017528359578,1.0479499114382849,1.0989728441159996,1.0149892626392483,1.120343509534052,1.1194259258998405
2024-08-27,1.1588017528359578,1.0479499114382849,1.0989728441159996,1.0149892626392483,1.120343509534052,1.1194259258998405
2024-08-28,1.1650176597609225,1.0535712000630075,1.1048678239047087,1.0149892626392483,1.120343509534052,1.1254306176840536
2024-08-29,1.1730706996213407,1.060853880114087,1.1125050854962832,1.0220052498403416,1.120343509534052,1.1332100170334203
2024-08-30,1.1727202004738286,1.060536909976878,1.11217268261196,1.021699887197717,1.120343509534052,1.1328714277693201
2024-09-03,1.162765699426599,1.060536909976878,1.11217268261196,1.0130273047752816,1.1108336020263552,1.1328714277693201
2024-09-04,1.1530957973745073,1.060536909976878,1.1029235269900037,1.004602671318944,1.1015955825929784,1.123450135285766
2024-09-05,1.1521433729867696,1.060536909976878,1.1029235269900037,1.0037728980370282,1.100685695920358,1.1225221973731574
2024-09-06,1.1349851222195775,1.060536909976878,1.1029235269900037,0.9888242488483578,1.084293776625189,1.1058050788218976
2024-09-09,1.1437362870683925,1.060536909976878,1.1029235269900037,0.9888242488483578,1.0926540920143766,1.1058050788218976
2024-09-10,1.1326669447656594,1.060536909976878,1.1029235269900037,0.9888242488483578,1.0820791349200356,1.1058050788218976
2024-09-11,1.1366502661450537,1.060536909976878,1.1029235269900037,0.9888242488483578,1.085884550953621,1.1096939333808389
2024-09-12,1.1482560344829005,1.060536909976878,1.1029235269900037,0.9888242488483578,1.0969719759209824,1.1096939333808389
2024-09-13,1.1594252878758464,1.060536909976878,1.1029235269900037,0.998442686082568,1.1076423818200811,1.1204880876098016
2024-09-17,1.1610783580259518,1.060536909976878,1.1029235269900037,0.9998662325742769,1.1076423818200811,1.1204880876098016
2024-09-18,1.1601733775958005,1.060536909976878,1.1020638742361824,0.9998662325742769,1.1076423818200811,1.1204880876098016
2024-09-19,1.1780707467339044,1.0768972410523712,1.1020638742361824,0.9998662325742769,1.1076423818200811,1.1377732531773461
2024-09-20,1.1604335795209937,1.0768972410523712,1.1020638742361824,0.9998662325742769,1.1076423818200811,1.1207393889783575
2024-09-24,1.1774555036617602,1.0768972410523712,1.1020638742361824,1.0145328601711954,1.1238899335379675,1.1371790553215475
2024-09-25,1.1726028377886055,1.0768972410523712,1.1020638742361824,1.0103516499492922,1.1238899335379675,1.1371790553215475
2024-09-26,1.1922626069373181,1.0949524175142518,1.1020638742361824,1.0272911281399504,1.1427329858740747,1.156244912053171
2024-09-27,1.206754606811758,1.0949524175142518,1.1020638742361824,1.0397778930635442,1.1566229512151383,1.156244912053171
2024-09-30,1.19750450636178,1.0949524175142518,1.1020638742361824,1.0318077142863402,1.1566229512151383,1.1473819820747846
2024-10-01,1.1905571213865394,1.0949524175142518,1.1020638742361824,1.0258216279096393,1.1566229512151383,1.1473819820747846
2024-10-02,1.1875548151297648,1.0949524175142518,1.1020638742361824,1.023234745989836,1.1566229512151383,1.1444885534086475
2024-10-03,1.178264631927209,1.0949524175142518,1.1020638742361824,1.0152300306467152,1.1566229512151383,1.135535275463972
2024-10-07,1.1837474137765467,1.0949524175142518,1.1020638742361824,1.0152300306467152,1.1566229512151383,1.135535275463972
2024-10-08,1.181413446554628,1.0949524175142518,1.099890960547846,1.0152300306467152,1.1566229512151383,1.135535275463972
2024-10-09,1.1930336364812304,1.0949524175142518,1.099890960547846,1.0152300306467152,1.1566229512151383,1.1467042151842108
2024-10-10,1.1903024179448787,1.0949524175142518,1.099890960547846,1.0129058588936528,1.1566229512151383,1.1467042151842108
2024-10-11,1.200354950418056,1.0949524175142518,1.1091799357117806,1.02146021355621,1.1566229512151383,1.1563885451380818
2024-10-15,1.2072963909053989,1.1012843337861848,1.1091799357117806,1.0273671374041264,1.1633114972817484,1.1563885451380818
2024-10-16,1.2039846140479216,1.1012843337861848,1.1061373055262356,1.0273671374041264,1.160120376920786,1.153216415368715
2024-10-17,1.2132780307996611,1.1097850190579233,1.1061373055262356,1.0273671374041264,1.160120376920786,1.153216415368715
2024-10-18,1.2178527849614753,1.113969545197664,1.1103080776934846,1.0273671374041264,1.160120376920786,1.1575647027865654
2024-10-21,1.2056375928714422,1.113969545197664,1.1103080776934846,1.0273671374041264,1.160120376920786,1.1459542065297232
2024-10-22,1.2032017037186882,1.113969545197664,1.1103080776934846,1.025291428683118,1.160120376920786,1.1459542065297232
2024-10-23,1.2004547721654448,1.113969545197664,1.1103080776934846,1.025291428683118,1.157471800826624,1.1433379720623356
2024-10-24,1.2044982834339155,1.113969545197664,1.1103080776934846,1.0287449344223374,1.157471800826624,1.147189095887155
2024-10-25,1.2057731637033613,1.1151486068978493,1.1103080776934846,1.0287449344223374,1.157471800826624,1.147189095887155
2024-10-28,1.2099802871703735,1.1190395276900127,1.1141821091530426,1.0287449344223374,1.157471800826624,1.147189095887155
2024-10-29,1.2066583184452877,1.1159672344034712,1.111123151780016,1.0287449344223374,1.157471800826624,1.147189095887155
2024-10-30,1.1929061173664857,1.1159672344034712,1.111123151780016,1.0170203998289793,1.157471800826624,1.134114661408987
2024-10-31,1.1817159901144598,1.1159672344034712,1.111123151780016,1.007480179080412,1.1466140673023166,1.134114661408987
2024-11-01,1.192655705022123,1.1159672344034712,1.111123151780016,1.016806909044685,1.1572288267794972,1.144613707856868
2024-11-05,1.1927362244973265,1.116042576428567,1.111123151780016,1.016806909044685,1.1572288267794972,1.1446909838843746
2024-11-06,1.1792214105187981,1.1033967730206038,1.098533090042039,1.016806909044685,1.1572288267794972,1.1446909838843746
2024-11-07,1.1990717745303956,1.1033967730206038,1.1170251912891878,1.0339232767547695,1.1572288267794972,1.1446909838843746
2024-11-08,1.1899312090514051,1.1033967730206038,1.1085100697430572,1.0260416439683329,1.1572288267794972,1.1359649650474264
2024-11-11,1.2042804512915208,1.1033967730206038,1.1085100697430572,1.0384145609787918,1.1572288267794972,1.1496634346192467
2024-11-12,1.1783075564551257,1.0795996514134671,1.0846026689082728,1.0160189203620575,1.1572288267794972,1.1496634346192467
2024-11-13,1.1764160311579435,1.0778665809258083,1.0846026689082728,1.0143879153839834,1.1572288267794972,1.147817891443431
2024-11-14,1.192438636255755,1.0925469576946487,1.0846026689082728,1.0143879153839834,1.1572288267794972,1.147817891443431
2024-11-18,1.1878174640116625,1.088312905289135,1.0803994037698958,1.0104567602395689,1.1527441064997441,1.143369642267384
2024-11-19,1.1798128368083916,1.088312905289135,1.0803994037698958,1.0036473556670635,1.1527441064997441,1.143369642267384
2024-11-20,1.1763705723449043,1.0851376043243093,1.077247191522375,1.0036473556670635,1.1527441064997441,1.143369642267384
2024-11-21,1.1850900300112137,1.0851376043243093,1.077247191522375,1.0110865596350769,1.1527441064997441,1.1518444914578232
2024-11-22,1.195959891626397,1.0950906840851147,1.077247191522375,1.0110865596350769,1.1633172854127856,1.1624094189378387
2024-11-27,1.1921882962014185,1.0950906840851147,1.077247191522375,1.0110865596350769,1.1633172854127856,1.1624094189378387
2024-11-27,1.1921882962014185,1.0950906840851147,1.077247191522375,1.0110865596350769,1.1633172854127856,1.1624094189378387
2024-11-27,1.1921882962014185,1.0950906840851147,1.077247191522375,1.0110865596350769,1.1633172854127856,1.1624094189378387
2024-12-02,1.2330642474910334,1.0950906840851147,1.077247191522375,1.0457531681673966,1.20320335109923,1.2022643570700824
2024-12-03,1.2381958534730515,1.099648089684002,1.077247191522375,1.0457531681673966,1.2082106858967867,1.2022643570700824
2024-12-04,1.2514482711569763,1.099648089684002,1.0887769747071967,1.0457531681673966,1.2082106858967867,1.2151321997314009
2024-12-05,1.259258336776943,1.1065107974260993,1.0955718377582364,1.0457531681673966,1.2082106858967867,1.2151321997314009
2024-12-06,1.2608537585651414,1.1065107974260993,1.0969598763595687,1.0470780888296984,1.2082106858967867,1.216671715754741
2024-12-09,1.2584608623991704,1.1044108191956503,1.0948780242299831,1.04509090425162,1.2082106858967867,1.214362669948201
2024-12-10,1.2574213009330684,1.1034985119760254,1.0948780242299831,1.0442275987130096,1.2082106858967867,1.2133595361398566
2024-12-11,1.261743579766757,1.1072916943070243,1.0986415743671478,1.0478170423180462,1.2123638074244825,1.2175303564025801
2024-12-12,1.2634192938241602,1.1087622817445597,1.100100673632432,1.0492086418280857,1.2139739405033156,1.2191473511440283
2024-12-13,1.2621599646156105,1.1076571088747418,1.0990041343303787,1.0481628298043375,1.2127638965779404,1.2191473511440283
2024-12-16,1.256449821025136,1.1026459523510037,1.0940321247678169,1.0434208316169655,1.2072772259617381,1.2191473511440283
2024-12-17,1.2522715824661985,1.0989791781130875,1.0903939952285953,1.0434208316169655,1.2032625075285541,1.215093159415607
2024-12-18,1.2520365241007614,1.0987728935875312,1.0903939952285953,1.0434208316169655,1.2030366484400212,1.2148650796476834
2024-12-19,1.2350543066536062,1.0987728935875312,1.0903939952285953,1.0292682097802044,1.2030366484400212,1.1983870436204593
2024-12-20,1.229779351920406,1.0987728935875312,1.0903939952285953,1.0248721737632756,1.2030366484400212,1.1983870436204593
2024-12-23,1.2275521405796412,1.0987728935875312,1.0903939952285953,1.0230160628075375,1.2030366484400212,1.1983870436204593
2024-12-27,1.2359067691031742,1.0987728935875312,1.0903939952285953,1.0299786340057993,1.2030366484400212,1.2065431766643366
2025-01-06,1.2501639454662234,1.0987728935875312,1.0903939952285953,1.0418602640787933,1.2169146415838463,1.2065431766643366
2025-01-07,1.257832007660325,1.0987728935875312,1.09708208522016,1.0482506653789523,1.22437876434184,1.2065431766643366
2025-01-10,1.250029802615321,1.0987728935875312,1.090276995726524,1.0417484722561507,1.2167840663901535,1.2065431766643366
2025-01-14,1.2535212081136304,1.0987728935875312,1.0933222024004736,1.0417484722561507,1.2167840663901535,1.209913121502564
2025-01-14,1.2535212081136304,1.0987728935875312,1.0933222024004736,1.0417484722561507,1.2167840663901535,1.209913121502564
2025-01-15,1.2721405371386483,1.0987728935875312,1.0933222024004736,1.0572222093103776,1.2167840663901535,1.2278847125335957
2025-01-16,1.2771211056364749,1.1030747089139863,1.0933222024004736,1.0613613491908953,1.2167840663901535,1.2278847125335957
2025-01-17,1.2923636028352126,1.1030747089139863,1.106371051514201,1.0740287441000322,1.2167840663901535,1.242539571190746
2025-01-21,1.3009049548665053,1.1030747089139863,1.1136831613627627,1.0811271006112804,1.2167840663901535,1.242539571190746
2025-01-22,1.3139626270060147,1.114146684495678,1.1248616179701938,1.0919787797966896,1.2289973855446894,1.255011408030387
2025-01-23,1.323648825247886,1.1223598904383303,1.1248616179701938,1.100028569584949,1.2289973855446894,1.2642630328819184
2025-01-24,1.3226222245151673,1.1214894061649188,1.1248616179701938,1.100028569584949,1.2289973855446894,1.2632824908143028
2025-01-27,1.3156336536971627,1.1155635960648365,1.1248616179701938,1.100028569584949,1.2289973855446894,1.2566074637456799
2025-01-28,1.324775690868816,1.1233153921928152,1.1248616179701938,1.100028569584949,1.2289973855446894,1.265339341431734
2025-01-29,1.3375073588880424,1.134110939509136,1.1248616179701938,1.100028569584949,1.2289973855446894,1.2774998003968363
2025-01-30,1.343038787577289,1.134110939509136,1.1248616179701938,1.1045778750884727,1.2289973855446894,1.2827830603351567
2025-01-31,1.3433385506034243,1.134110939509136,1.125112684376991,1.1045778750884727,1.2289973855446894,1.2827830603351567
2025-02-03,1.3244264243916604,1.134110939509136,1.1092728403705518,1.0890271293922285,1.2289973855446894,1.2647234616372158
2025-02-04,1.3292054026146913,1.1382031951320972,1.1092728403705518,1.0890271293922285,1.2289973855446894,1.269287011389779
2025-02-05,1.3341549611566195,1.1424415192735986,1.1092728403705518,1.0930823367515061,1.233573799766046,1.2740134519812965
2025-02-06,1.3535741462213076,1.1590702347783737,1.1092728403705518,1.108992608651194,1.2515289838383972,1.2925572521538633
2025-02-07,1.3464223052761062,1.1590702347783737,1.1092728403705518,1.103133056170365,1.2515289838383972,1.2925572521538633
2025-02-10,1.354109171055107,1.1590702347783737,1.1092728403705518,1.103133056170365,1.2515289838383972,1.2925572521538633
2025-02-12,1.3686333287426076,1.1590702347783737,1.1092728403705518,1.103133056170365,1.264952867746947,1.2925572521538633
2025-02-13,1.397009299098363,1.1590702347783737,1.1092728403705518,1.1260043908390174,1.2911792238664432,1.3193559319024641
2025-02-14,1.390904302178465,1.1590702347783737,1.1092728403705518,1.1260043908390174,1.2911792238664432,1.3135902838815725
2025-02-18,1.4112098530075579,1.1590702347783737,1.125466906352085,1.1260043908390174,1.2911792238664432,1.3327671418697056
2025-02-19,1.3855975007265418,1.1380340188617146,1.125466906352085,1.1260043908390174,1.2911792238664432,1.3085784632877207
2025-02-20,1.3782292273925618,1.1380340188617146,1.125466906352085,1.1260043908390174,1.2911792238664432,1.3016197586195846
2025-02-21,1.3765550397520327,1.1366516055076716,1.125466906352085,1.1260043908390174,1.2911792238664432,1.3016197586195846
2025-02-25,1.3841132363488098,1.1366516055076716,1.131646463213762,1.1260043908390174,1.2911792238664432,1.3087665110165454
2025-02-26,1.4076194007380463,1.1559551702671806,1.131646463213762,1.145127135726484,1.2911792238664432,1.3087665110165454
2025-02-27,1.392518971850751,1.1559551702671806,1.119506571610706,1.145127135726484,1.2911792238664432,1.3087665110165454
2025-02-28,1.3925523164877822,1.1559828502531315,1.119533378814801,1.145127135726484,1.2912101418671547,1.3087665110165454
2025-03-03,1.4288527686527057,1.1559828502531315,1.1487168912642296,1.145127135726484,1.324868850006702,1.3087665110165454
2025-03-04,1.3773028355933212,1.1142774766445303,1.107273657819897,1.103813412936944,1.2770704329628608,1.2615490317118843
2025-03-05,1.4230607879938773,1.1142774766445303,1.107273657819897,1.1404852619326702,1.3194983773288496,1.303461310589298
2025-03-06,1.443776407194122,1.130498110425128,1.1233923364029776,1.157087404714634,1.3194983773288496,1.303461310589298
2025-03-07,1.418242761417941,1.130498110425128,1.1035247849992698,1.157087404714634,1.3194983773288496,1.280409182003664
2025-03-10,1.3941236030741322,1.130498110425128,1.1035247849992698,1.157087404714634,1.3194983773288496,1.280409182003664
2025-03-11,1.3759993179219876,1.1158010849446576,1.1035247849992698,1.157087404714634,1.3194983773288496,1.2637632396532965
2025-03-12,1.3972574005329208,1.1330393141590032,1.120573355254489,1.157087404714634,1.3194983773288496,1.2832873651374441
2025-03-13,1.3905082125044632,1.1330393141590032,1.120573355254489,1.157087404714634,1.3194983773288496,1.2832873651374441
2025-03-14,1.4161299146686832,1.1330393141590032,1.120573355254489,1.157087404714634,1.3194983773288496,1.2832873651374441
2025-03-17,1.4264268233578965,1.1412778254977836,1.128721224598327,1.157087404714634,1.3290926625467414,1.2832873651374441
2025-03-18,1.440289875466945,1.1523695924967612,1.1396909574279162,1.1683328206894414,1.3420097505718147,1.2957592840066539
2025-03-19,1.4345717621372052,1.1477945551797026,1.1396909574279162,1.1636944075551472,1.3420097505718147,1.2957592840066539
2025-03-21,1.4099440998573298,1.1280900709442587,1.1201255897385736,1.1437169664660016,1.3189711241428768,1.2735146512285853
2025-03-24,1.4075387298325408,1.1261655449703667,1.1201255897385736,1.1417657809486055,1.3189711241428768,1.2713420303647478
2025-03-25,1.4232874207450783,1.1261655449703667,1.1201255897385736,1.1417657809486055,1.3189711241428768,1.2855668415589052
2025-03-26,1.4065133768171645,1.112893207952488,1.1201255897385736,1.1417657809486055,1.3034264918686447,1.2704158928761087
2025-03-27,1.3966073132688064,1.112893207952488,1.1201255897385736,1.1337243328046767,1.2942464685059927,1.2704158928761087
2025-03-28,1.3831659470789053,1.10218239110639,1.109345166288609,1.1337243328046767,1.2817902536788925,1.2704158928761087
2025-03-31,1.3646906088690376,1.0874602296132907,1.094527329584381,1.118580856687759,1.2817902536788925,1.2534465889848105
2025-04-01,1.3876778407532444,1.1057777151301653,1.094527329584381,1.1374225467871915,1.2817902536788925,1.2534465889848105
2025-04-02,1.3784654990573595,1.1057777151301653,1.094527329584381,1.1374225467871915,1.2732808652224656,1.2534465889848105
2025-04-03,1.3363690587181378,1.0720087846453255,1.061101970399835,1.1374225467871915,1.2732808652224656,1.2534465889848105
2025-04-04,1.2684827779146226,1.0720087846453255,1.0071989966263906,1.0796425601138164,1.2085994048172481,1.2534465889848105
2025-04-07,1.2150077139299849,1.0720087846453255,1.0071989966263906,1.0341283789299467,1.2085994048172481,1.2006054012964111
2025-04-08,1.2447637890762155,1.0720087846453255,1.0318657445714576,1.0594546393326543,1.2085994048172481,1.2006054012964111
2025-04-09,1.2067877517288998,1.039303265735144,1.0003849348008402,1.0594546393326543,1.2085994048172481,1.1639765758444285
2025-04-10,1.2602977395231962,1.0853868500144723,1.0447428474280611,1.0594546393326543,1.2085994048172481,1.1639765758444285
2025-04-11,1.2486831789853907,1.075384220571369,1.0351147820373516,1.0594546393326543,1.2085994048172481,1.1639765758444285
2025-04-14,1.2837770230861363,1.105607552494362,1.0642063541819469,1.0594546393326543,1.2085994048172481,1.1966897677709787
2025-04-15,1.30195765393956,1.1212649777474923,1.0642063541819469,1.0594546393326543,1.2085994048172481,1.1966897677709787
2025-04-16,1.3054642320557146,1.124284894118415,1.0670725938798014,1.0623080811800916,1.2085994048172481,1.1999128266306847
2025-04-17,1.2990064252463258,1.118723336423726,1.0670725938798014,1.0570531073616893,1.2085994048172481,1.1939771563670218
2025-04-22,1.3043657518079947,1.1233388668595492,1.0714750282207435,1.0614142041855976,1.2135857380383683,1.1989031624003872
2025-04-23,1.3446824586686212,1.1580602045959538,1.0714750282207435,1.0614142041855976,1.2135857380383683,1.235960120761779
2025-04-24,1.3509461430980323,1.1634545812572141,1.0714750282207435,1.0614142041855976,1.2192387589743539,1.2417173641272152
2025-04-25,1.3617971989639956,1.1634545812572141,1.0714750282207435,1.0699396845575486,1.22903191612956,1.2516910737060312
2025-04-28,1.363585023585441,1.1649820133505446,1.0714750282207435,1.0713443463625287,1.2306454409054004,1.2516910737060312
2025-04-30,1.3773103396541764,1.176708268824944,1.08226007878064,1.0821280815297087,1.2306454409054004,1.2642901088302634
2025-05-02,1.412946110424952,1.207153771864187,1.08226007878064,1.1101264687832992,1.2624864846916661,1.2970016562636086
2025-05-02,1.412946110424952,1.207153771864187,1.08226007878064,1.1101264687832992,1.2624864846916661,1.2970016562636086
2025-05-07,1.4147387994549439,1.207153771864187,1.08226007878064,1.1115349524670066,1.2640882766177142,1.2986472396470865
2025-05-08,1.4291534215000834,1.207153771864187,1.0932871107643365,1.1228602630020306,1.2769679366271494,1.2986472396470865
2025-05-09,1.438098926735715,1.207153771864187,1.1001303267733815,1.129888586350985,1.2769679366271494,1.3067758670615652
2025-05-12,1.442206748225999,1.207153771864187,1.1032727663611022,1.1331160281704256,1.280615499555513,1.3105085741027176
2025-05-13,1.4466074511415135,1.2108372417479962,1.1066392571125185,1.1365735816834148,1.2845231281735867,1.3145074174793379
2025-05-14,1.4397647749244273,1.2108372417479962,1.1014046828542687,1.1311974134560103,1.2784471357870448,1.3082895947827442
2025-05-15,1.4500444535882802,1.219482416276626,1.1092685272931624,1.1392739729872847,1.2875750336030638,1.3176305627435243
2025-05-16,1.4544340298561778,1.219482416276626,1.1126265062779326,1.1427227844923964,1.2914727822525314,1.3216192955260007
2025-05-19,1.464651183406406,1.219482416276626,1.1204425196723797,1.1507502191610266,1.3005451605463199,1.330903447986782
2025-05-20,1.4708265858668197,1.224624114722799,1.125166636630142,1.155602122341278,1.3005451605463199,1.330903447986782
2025-05-21,1.47609742011474,1.2290126611270686,1.1291987685619105,1.1597433224677471,1.3005451605463199,1.3356728555714226
2025-05-22,1.4685374056472977,1.2227181216392426,1.1234154381999601,1.1538035544166017,1.3005451605463199,1.3288320427806888
2025-05-23,1.4457458088024062,1.2227181216392426,1.1234154381999601,1.1358966047200258,1.3005451605463199,1.3082086633031453
2025-05-27,1.4818133290988693,1.2532216931526938,1.1234154381999601,1.1642342098481084,1.3005451605463199,1.3408449969023277
2025-05-28,1.4702509664950032,1.243442996096382,1.1234154381999601,1.1551498685037938,1.3005451605463199,1.3408449969023277
2025-05-29,1.463817227919235,1.243442996096382,1.1234154381999601,1.15009499526164,1.3005451605463199,1.3349775318386852
2025-05-30,1.467741656045843,1.243442996096382,1.1264272644440088,1.153178348197779,1.3005451605463199,1.3349775318386852
2025-06-02,1.4636497024213118,1.243442996096382,1.1264272644440088,1.1499633734764434,1.3005451605463199,1.3312557146322488
2025-06-02,1.4636497024213118,1.243442996096382,1.1264272644440088,1.1499633734764434,1.3005451605463199,1.3312557146322488
2025-06-03,1.4734607839703495,1.243442996096382,1.1339778892500927,1.1576717646419794,1.3005451605463199,1.3312557146322488
2025-06-04,1.484723797683714,1.252947772653165,1.1426459234836612,1.1576717646419794,1.3104864213775804,1.3312557146322488
2025-06-05,1.4876015930100708,1.2553763235054756,1.1448606795907648,1.1576717646419794,1.31302649765613,1.3338360474050726
2025-06-06,1.4864317764217776,1.2543891236700575,1.143960386783495,1.1576717646419794,1.31302649765613,1.3338360474050726
2025-06-09,1.4784511838382084,1.2543891236700575,1.137818509353615,1.1576717646419794,1.31302649765613,1.3266747351696446
2025-06-10,1.4669849816431035,1.2446606460033134,1.137818509353615,1.1576717646419794,1.31302649765613,1.3163856428229492
2025-06-11,1.4646187805641686,1.2426530471523816,1.137818509353615,1.1576717646419794,1.31302649765613,1.314262353786375
2025-06-12,1.453726245177029,1.2334112960088994,1.129356424515059,1.1490620289002338,1.31302649765613,1.314262353786375
2025-06-13,1.4380340557990536,1.220097287472479,1.1171656320962529,1.136658525128898,1.31302649765613,1.314262353786375
2025-07-02,1.4546852348025736,1.220097287472479,1.1171656320962529,1.1498200385794828,1.31302649765613,1.314262353786375
2025-07-02,1.4546852348025736,1.220097287472479,1.1171656320962529,1.1498200385794828,1.31302649765613,1.314262353786375
2025-07-03,1.4634650248418484,1.220097287472479,1.1171656320962529,1.1567598069088483,1.31302649765613,1.3221946179262067
2025-07-07,1.471972495905153,1.220097287472479,1.1236599822355768,1.1634843274251718,1.31302649765613,1.3221946179262067
2025-07-08,1.4800969266079826,1.220097287472479,1.1298619307669602,1.1634843274251718,1.31302649765613,1.329492361993354
2025-07-09,1.5009008757689983,1.2372467332173882,1.1298619307669602,1.1634843274251718,1.31302649765613,1.3481794432321856
2025-07-11,1.4828024591952176,1.2372467332173882,1.1162376387007704,1.1634843274251718,1.31302649765613,1.331922598044243
2025-07-11,1.4828024591952176,1.2372467332173882,1.1162376387007704,1.1634843274251718,1.31302649765613,1.331922598044243
2025-07-14,1.4770036640577748,1.2372467332173882,1.1118723684981289,1.1634843274251718,1.31302649765613,1.331922598044243
2025-07-15,1.4708562284254454,1.2372467332173882,1.1118723684981289,1.1586417903441055,1.3075615512417735,1.326379004187321
2025-07-16,1.4677406955504975,1.2372467332173882,1.1118723684981289,1.1561875827075305,1.3075615512417735,1.326379004187321
2025-07-17,1.4896781956375509,1.2372467332173882,1.1118723684981289,1.1561875827075305,1.3075615512417735,1.326379004187321
2025-07-18,1.4846930491045502,1.2372467332173882,1.1118723684981289,1.1523184487319433,1.3075615512417735,1.326379004187321
2025-07-22,1.4694802480597389,1.224569373134689,1.1118723684981289,1.1405113002365708,1.3075615512417735,1.312788356670727
2025-07-23,1.4815885412463827,1.224569373134689,1.1118723684981289,1.1499089394523268,1.3075615512417735,1.312788356670727
2025-07-24,1.4849530178376635,1.224569373134689,1.1143972723105982,1.1525202189008281,1.3075615512417735,1.315769512080858
2025-07-25,1.4801516683287266,1.220609930992256,1.1143972723105982,1.1525202189008281,1.3033337676442147,1.3115151894020818
2025-07-28,1.4649690936862474,1.2080895915005834,1.1029664033461122,1.1525202189008281,1.3033337676442147,1.3115151894020818
2025-07-29,1.4799880698981347,1.2204750192306115,1.1029664033461122,1.1643359451342294,1.3033337676442147,1.3115151894020818
2025-07-30,1.4827264381009904,1.2227332198560197,1.1029664033461122,1.1664902736686593,1.3057452788040786,1.3139418383496426
2025-07-31,1.4706535234451874,1.2127772674761301,1.0939856372967323,1.1569922724467598,1.2951134111121467,1.3032432311963225
2025-08-01,1.431044710664065,1.180113783544081,1.064521544223733,1.125831234460604,1.2951134111121467,1.3032432311963225
2025-08-04,1.4511666754577368,1.1967074006603355,1.064521544223733,1.125831234460604,1.2951134111121467,1.3032432311963225
2025-08-05,1.4565550841941841,1.2011509623281607,1.064521544223733,1.125831234460604,1.2951134111121467,1.3032432311963225
2025-08-06,1.4613293263199987,1.2011509623281607,1.0680107933811598,1.125831234460604,1.2951134111121467,1.307514953427825
2025-08-07,1.477616544638648,1.2145383676205461,1.0799142874431573,1.125831234460604,1.2951134111121467,1.307514953427825
2025-08-08,1.4758050987154574,1.2130494356086738,1.0785903943529764,1.1244510506725545,1.2951134111121467,1.307514953427825
2025-08-12,1.4673473395984098,1.2130494356086738,1.0785903943529764,1.118006882581675,1.2876911862736646,1.3000216560217814
2025-08-13,1.4771363124194556,1.2130494356086738,1.0785903943529764,1.1254653340961809,1.2876911862736646,1.3000216560217814
2025-08-14,1.4888109692572788,1.2130494356086738,1.0785903943529764,1.1343605331702036,1.2978685494502633,1.3102964739842031
2025-08-15,1.4876990226009517,1.2121434466740562,1.0785903943529764,1.1343605331702036,1.2968992117548046,1.3093178542580395
2025-08-18,1.4849769467211762,1.2099255609398498,1.0766168735990993,1.1343605331702036,1.294526246518432,1.3093178542580395
2025-08-19,1.491576470542054,1.2153027033786885,1.0814015665325245,1.1343605331702036,1.3002793707130622,1.3093178542580395
2025-08-20,1.4826269922210253,1.2153027033786885,1.0814015665325245,1.1343605331702036,1.3002793707130622,1.301461930017186
2025-08-21,1.48362639308059,1.216121907785974,1.0814015665325245,1.1351251765348898,1.301155855714066,1.3023392121511104
2025-08-22,1.4878800143102051,1.216121907785974,1.0814015665325245,1.1383796296584647,1.301155855714066,1.3023392121511104
2025-08-25,1.482375279562936,1.2116226010822622,1.0814015665325245,1.1383796296584647,1.301155855714066,1.2975209258343987
2025-08-26,1.4750132826785498,1.2056052572036937,1.0814015665325245,1.1383796296584647,1.301155855714066,1.2975209258343987
2025-08-27,1.4684851425756547,1.2002694679465824,1.076615480185563,1.1383796296584647,1.301155855714066,1.2975209258343987
2025-08-28,1.468100966448381,1.2002694679465824,1.076615480185563,1.1383796296584647,1.301155855714066,1.297181476322864
2025-08-29,1.4596669339963355,1.1933740895800995,1.076615480185563,1.131839799661272,1.301155855714066,1.297181476322864
2025-09-02,1.4341084630814143,1.1933740895800995,1.076615480185563,1.1120215151429043,1.2783728815166584,1.297181476322864
2025-09-03,1.4406554865149217,1.1933740895800995,1.076615480185563,1.1170981401720612,1.2783728815166584,1.297181476322864
2025-09-04,1.4513333592539048,1.1933740895800995,1.076615480185563,1.1253778655396907,1.2878479455202139,1.297181476322864
2025-09-08,1.4535785013136726,1.1933740895800995,1.076615480185563,1.1271187703173178,1.2878479455202139,1.2991881529234357
2025-09-09,1.4481539071856466,1.1933740895800995,1.0725976703413211,1.1229124877825076,1.2878479455202139,1.2991881529234357
2025-09-10,1.4429241866862403,1.1890644558396732,1.0687241966750443,1.118857312136289,1.2878479455202139,1.2991881529234357
2025-09-11,1.4472343743995193,1.1926163340707998,1.0687241966750443,1.118857312136289,1.2878479455202139,1.3030689838538732
2025-09-16,1.4241921812181282,1.1926163340707998,1.0687241966750443,1.118857312136289,1.2878479455202139,1.2823221250272936
2025-09-17,1.4260187720408921,1.1926163340707998,1.0687241966750443,1.118857312136289,1.2878479455202139,1.2839667610927707
2025-09-18,1.4451413017523291,1.1926163340707998,1.0687241966750443,1.118857312136289,1.2878479455202139,1.2839667610927707
2025-09-19,1.4429959140784725,1.1926163340707998,1.0687241966750443,1.118857312136289,1.2859360680416791,1.2820606454350494
2025-09-22,1.436120887731107,1.1926163340707998,1.0687241966750443,1.1135266154760757,1.2859360680416791,1.2820606454350494
2025-09-24,1.4446267756586773,1.1926163340707998,1.0687241966750443,1.1135266154760757,1.2859360680416791,1.2820606454350494
2025-09-25,1.4365481436990315,1.1926163340707998,1.0687241966750443,1.1072995595642816,1.2859360680416791,1.2748911146753186
2025-09-25,1.4365481436990315,1.1926163340707998,1.0687241966750443,1.1072995595642816,1.2859360680416791,1.2748911146753186
2025-09-29,1.4493234486596125,1.1926163340707998,1.0687241966750443,1.1072995595642816,1.2859360680416791,1.2748911146753186
2025-09-29,1.4493234486596125,1.1926163340707998,1.0687241966750443,1.1072995595642816,1.2859360680416791,1.2748911146753186
2025-09-30,1.457580142862093,1.1926163340707998,1.0687241966750443,1.1136077676197842,1.2859360680416791,1.282154080085192
2025-10-01,1.4717265226209042,1.2041911374536167,1.0687241966750443,1.1136077676197842,1.2859360680416791,1.282154080085192
2025-10-02,1.4904622917916135,1.2041911374536167,1.0687241966750443,1.1136077676197842,1.2859360680416791,1.2984765031145602
2025-10-03,1.4877893069661958,1.2041911374536167,1.0687241966750443,1.1116106311066982,1.2859360680416791,1.2961478242824278
2025-10-06,1.4877581823627144,1.2041911374536167,1.068701838928086,1.1116106311066982,1.2859360680416791,1.2961207088253566
2025-10-07,1.488215211846657,1.2041911374536167,1.068701838928086,1.1116106311066982,1.2859360680416791,1.2965188685435851
2025-10-08,1.5010579048171593,1.2041911374536167,1.068701838928086,1.1212033794702465,1.2859360680416791,1.3077072999119939
2025-10-09,1.5019193409464415,1.204882205898768,1.068701838928086,1.1218468224022278,1.2859360680416791,1.308457774834417
2025-10-10,1.4791813859398495,1.204882205898768,1.0525224785146992,1.1048628859972303,1.2859360680416791,1.2886486857567956
2025-10-14,1.4789055558842445,1.2046575257283647,1.0525224785146992,1.1046568569096706,1.2859360680416791,1.2886486857567956
2025-10-15,1.4755108559112362,1.2046575257283647,1.0525224785146992,1.1046568569096706,1.2859360680416791,1.285690703997007
2025-10-16,1.481042175090557,1.2046575257283647,1.0525224785146992,1.1046568569096706,1.2859360680416791,1.2905104351573724
2025-10-17,1.4538733213085584,1.2046575257283647,1.0525224785146992,1.1046568569096706,1.2859360680416791,1.2905104351573724
2025-10-20,1.479741513049195,1.2260915195988173,1.0525224785146992,1.1046568569096706,1.2859360680416791,1.2905104351573724
2025-10-21,1.4840800436736383,1.2260915195988173,1.0525224785146992,1.1078956574440477,1.2859360680416791,1.2905104351573724
2025-10-22,1.4731272065337055,1.2260915195988173,1.044754631125044,1.0997191438147789,1.2859360680416791,1.2809861843031707
2025-10-24,1.4785313049589286,1.2260915195988173,1.044754631125044,1.1037534121840809,1.2859360680416791,1.2809861843031707
2025-10-24,1.4785313049589286,1.2260915195988173,1.044754631125044,1.1037534121840809,1.2859360680416791,1.2809861843031707
2025-10-27,1.4827273453432286,1.2260915195988173,1.044754631125044,1.1068858408829523,1.2859360680416791,1.284621595838279
2025-10-28,1.4808871881831733,1.2260915195988173,1.044754631125044,1.1055121264830248,1.2859360680416791,1.284621595838279
2025-10-29,1.4714381816604347,1.2260915195988173,1.0380884289977412,1.0984582527123155,1.2859360680416791,1.2764248892051298
2025-10-30,1.4711136564471643,1.2258211055122141,1.0380884289977412,1.0982159881012885,1.2856524552593451,1.2761433741102004
2025-10-31,1.461285834949393,1.2258211055122141,1.0311534462828567,1.0982159881012885,1.2856524552593451,1.2676180577749503
2025-11-04,1.4607252028055175,1.2253508109962785,1.0307578373243438,1.097794650147329,1.2856524552593451,1.2671317275770186
2025-11-05,1.4668500575685117,1.2253508109962785,1.0350798289195489,1.097794650147329,1.2856524552593451,1.2671317275770186
2025-11-06,1.447466039250178,1.2253508109962785,1.0214015349036132,1.097794650147329,1.2856524552593451,1.2671317275770186
2025-11-07,1.437425774961878,1.2253508109962785,1.0214015349036132,1.0901798611831122,1.2856524552593451,1.2671317275770186
2025-11-10,1.4610172897711962,1.2253508109962785,1.0214015349036132,1.1080722593771017,1.2856524552593451,1.2671317275770186
2025-11-11,1.4688058650589093,1.2253508109962785,1.0214015349036132,1.1080722593771017,1.2856524552593451,1.2738867132495217
2025-11-12,1.486588294287103,1.2253508109962785,1.0214015349036132,1.1080722593771017,1.2856524552593451,1.2738867132495217
2025-11-13,1.4657217793675352,1.2253508109962785,1.0214015349036132,1.1080722593771017,1.2856524552593451,1.2738867132495217
2025-11-14,1.455623411622011,1.2169085245535838,1.0214015349036132,1.1080722593771017,1.2856524552593451,1.265110029517578
2025-11-17,1.4380804285003337,1.2169085245535838,1.0214015349036132,1.1080722593771017,1.2856524552593451,1.2498630887788598
2025-11-18,1.4128676655910553,1.2169085245535838,1.0214015349036132,1.0886452769856112,1.2856524552593451,1.2279501963551018
2025-11-19,1.4117939172711274,1.2169085245535838,1.0214015349036132,1.0878179305428914,1.2856524552593451,1.2279501963551018
2025-11-20,1.4188422967271395,1.2169085245535838,1.0265008808540967,1.0878179305428914,1.2856524552593451,1.2279501963551018
2025-11-21,1.4073998791629354,1.2169085245535838,1.018222545949753,1.0878179305428914,1.2856524552593451,1.2279501963551018
2025-11-25,1.4299373804721032,1.2169085245535838,1.0345279274565464,1.105237782851198,1.2856524552593451,1.2279501963551018
2025-11-26,1.445790502452553,1.2169085245535838,1.0345279274565464,1.105237782851198,1.2856524552593451,1.2279501963551018
2025-11-28,1.4525125893782473,1.2169085245535838,1.0345279274565464,1.105237782851198,1.2856524552593451,1.23365945225789
2025-12-01,1.4373613852183713,1.2169085245535838,1.0345279274565464,1.0937090130383627,1.2856524552593451,1.23365945225789
2025-12-02,1.4447408226738547,1.223156153325539,1.0345279274565464,1.0993241334522097,1.2856524552593451,1.2399930805735833
